[
{
    "pk": 1, 
    "model": "base.trainer", 
    "fields": {
        "external_headshot_url": "", 
        "short_name": "Rog", 
        "currently_viewing_blitz": null, 
        "user": 1, 
        "headshot": "headshots/rog_10.png", 
        "date_created": "2014-10-20", 
        "timezone": "US/Pacific", 
        "forgot_password_token": "", 
        "name": "Rog Law"
    }
},
{
    "pk": 2, 
    "model": "base.trainer", 
    "fields": {
        "external_headshot_url": "", 
        "short_name": "jc-deen", 
        "currently_viewing_blitz": null, 
        "user": 2, 
        "headshot": "", 
        "date_created": "2014-10-20", 
        "timezone": "US/Pacific", 
        "forgot_password_token": "", 
        "name": "JC Deen"
    }
},
{
    "pk": 3, 
    "model": "base.trainer", 
    "fields": {
        "external_headshot_url": "", 
        "short_name": "Joy", 
        "currently_viewing_blitz": null, 
        "user": 3, 
        "headshot": "headshots/joy_10.png", 
        "date_created": "2014-10-20", 
        "timezone": "US/Pacific", 
        "forgot_password_token": "", 
        "name": "Joy Victoria"
    }
},
{
    "pk": 4, 
    "model": "base.trainer", 
    "fields": {
        "external_headshot_url": "", 
        "short_name": "jahed", 
        "currently_viewing_blitz": null, 
        "user": 4, 
        "headshot": "", 
        "date_created": "2014-10-20", 
        "timezone": "US/Pacific", 
        "forgot_password_token": "", 
        "name": "Jahed Momand"
    }
},
{
    "pk": 5, 
    "model": "base.trainer", 
    "fields": {
        "external_headshot_url": "", 
        "short_name": "", 
        "currently_viewing_blitz": null, 
        "user": 5, 
        "headshot": "", 
        "date_created": "2014-10-20", 
        "timezone": "US/Pacific", 
        "forgot_password_token": "", 
        "name": "Matt Perryman"
    }
},
{
    "pk": 6, 
    "model": "base.trainer", 
    "fields": {
        "external_headshot_url": "", 
        "short_name": "CT", 
        "currently_viewing_blitz": null, 
        "user": 6, 
        "headshot": "headshots/ct_10.png", 
        "date_created": "2014-10-20", 
        "timezone": "US/Pacific", 
        "forgot_password_token": "", 
        "name": "CT Fletcher"
    }
},
{
    "pk": 7, 
    "model": "base.trainer", 
    "fields": {
        "external_headshot_url": "", 
        "short_name": "Mike", 
        "currently_viewing_blitz": 10, 
        "user": 14, 
        "headshot": "headshots/mike-rashid_10.jpg", 
        "date_created": "2014-10-20", 
        "timezone": "US/Pacific", 
        "forgot_password_token": "", 
        "name": "Mike Rashid"
    }
},
{
    "pk": 1, 
    "model": "base.client", 
    "fields": {
        "has_completed_intro": true, 
        "height_feet": 6, 
        "macro_target_json": "", 
        "name": "Carmelo Anthony", 
        "short_name": "", 
        "height_inches": 8, 
        "age": 29, 
        "weight_in_lbs": 230, 
        "date_created": "2014-10-20", 
        "user": 7, 
        "headshot": "headshots/carmelo_10.jpeg", 
        "gender": "M", 
        "units": "I", 
        "timezone": "US/Pacific", 
        "forgot_password_token": "", 
        "balanced_account_uri": "", 
        "external_headshot_url": ""
    }
},
{
    "pk": 2, 
    "model": "base.client", 
    "fields": {
        "has_completed_intro": true, 
        "height_feet": 6, 
        "macro_target_json": "", 
        "name": "Amar'e Stoudemire", 
        "short_name": "", 
        "height_inches": 11, 
        "age": 31, 
        "weight_in_lbs": 245, 
        "date_created": "2014-10-20", 
        "user": 8, 
        "headshot": "headshots/amare_9.jpeg", 
        "gender": "M", 
        "units": "I", 
        "timezone": "US/Pacific", 
        "forgot_password_token": "", 
        "balanced_account_uri": "", 
        "external_headshot_url": ""
    }
},
{
    "pk": 3, 
    "model": "base.client", 
    "fields": {
        "has_completed_intro": true, 
        "height_feet": 6, 
        "macro_target_json": "", 
        "name": "JR Smith", 
        "short_name": "", 
        "height_inches": 6, 
        "age": 28, 
        "weight_in_lbs": 220, 
        "date_created": "2014-10-20", 
        "user": 9, 
        "headshot": "headshots/jr_9.jpeg", 
        "gender": "M", 
        "units": "I", 
        "timezone": "US/Pacific", 
        "forgot_password_token": "", 
        "balanced_account_uri": "", 
        "external_headshot_url": ""
    }
},
{
    "pk": 4, 
    "model": "base.client", 
    "fields": {
        "has_completed_intro": true, 
        "height_feet": 6, 
        "macro_target_json": "", 
        "name": "Jason Kidd", 
        "short_name": "", 
        "height_inches": 4, 
        "age": 28, 
        "weight_in_lbs": 210, 
        "date_created": "2014-10-20", 
        "user": 10, 
        "headshot": "headshots/kidd_9.jpeg", 
        "gender": "M", 
        "units": "I", 
        "timezone": "US/Pacific", 
        "forgot_password_token": "", 
        "balanced_account_uri": "", 
        "external_headshot_url": ""
    }
},
{
    "pk": 5, 
    "model": "base.client", 
    "fields": {
        "has_completed_intro": true, 
        "height_feet": 6, 
        "macro_target_json": "", 
        "name": "Steve Novak", 
        "short_name": "", 
        "height_inches": 10, 
        "age": 30, 
        "weight_in_lbs": 235, 
        "date_created": "2014-10-20", 
        "user": 11, 
        "headshot": "headshots/novak_9.jpeg", 
        "gender": "M", 
        "units": "I", 
        "timezone": "US/Pacific", 
        "forgot_password_token": "", 
        "balanced_account_uri": "", 
        "external_headshot_url": ""
    }
},
{
    "pk": 6, 
    "model": "base.client", 
    "fields": {
        "has_completed_intro": true, 
        "height_feet": 6, 
        "macro_target_json": "", 
        "name": "Aaron Hernandez", 
        "short_name": "", 
        "height_inches": 8, 
        "age": 29, 
        "weight_in_lbs": 230, 
        "date_created": "2014-10-20", 
        "user": 12, 
        "headshot": "", 
        "gender": "M", 
        "units": "I", 
        "timezone": "US/Pacific", 
        "forgot_password_token": "", 
        "balanced_account_uri": "", 
        "external_headshot_url": ""
    }
},
{
    "pk": 7, 
    "model": "base.client", 
    "fields": {
        "has_completed_intro": true, 
        "height_feet": 6, 
        "macro_target_json": "", 
        "name": "Luke Walton", 
        "short_name": "", 
        "height_inches": 10, 
        "age": 29, 
        "weight_in_lbs": 230, 
        "date_created": "2014-10-20", 
        "user": 15, 
        "headshot": "headshots/luke_walton_9.jpg", 
        "gender": "M", 
        "units": "I", 
        "timezone": "US/Pacific", 
        "forgot_password_token": "", 
        "balanced_account_uri": "", 
        "external_headshot_url": ""
    }
},
{
    "pk": 8, 
    "model": "base.client", 
    "fields": {
        "has_completed_intro": true, 
        "height_feet": 6, 
        "macro_target_json": "", 
        "name": "Tayshawn Prince", 
        "short_name": "", 
        "height_inches": 9, 
        "age": 35, 
        "weight_in_lbs": 200, 
        "date_created": "2014-10-20", 
        "user": 16, 
        "headshot": "headshots/tayshaun_prince_9.png", 
        "gender": "M", 
        "units": "I", 
        "timezone": "US/Pacific", 
        "forgot_password_token": "", 
        "balanced_account_uri": "", 
        "external_headshot_url": ""
    }
},
{
    "pk": 9, 
    "model": "base.client", 
    "fields": {
        "has_completed_intro": false, 
        "height_feet": null, 
        "macro_target_json": "", 
        "name": "GK", 
        "short_name": "", 
        "height_inches": null, 
        "age": null, 
        "weight_in_lbs": null, 
        "date_created": "2014-10-20", 
        "user": 18, 
        "headshot": "", 
        "gender": "U", 
        "units": "I", 
        "timezone": "US/Pacific", 
        "forgot_password_token": "", 
        "balanced_account_uri": "", 
        "external_headshot_url": ""
    }
},
{
    "pk": 1, 
    "model": "base.blitz", 
    "fields": {
        "trainer": 3, 
        "begin_date": "2013-05-20", 
        "workout_plan": 3, 
        "sales_page_content": 1, 
        "title": "Booty-ful Beginnings", 
        "description": "", 
        "macro_strategy": "M", 
        "price": 499, 
        "custom_price_per_workout": null, 
        "custom_end_date": null, 
        "price_model": "R", 
        "to_expect_text": "", 
        "recurring": false, 
        "provisional": false, 
        "uses_macros": true, 
        "url_slug": "joy-victoria-bootyful-beginnings"
    }
},
{
    "pk": 2, 
    "model": "base.blitz", 
    "fields": {
        "trainer": 3, 
        "begin_date": "2013-05-20", 
        "workout_plan": 4, 
        "sales_page_content": 2, 
        "title": "Gluteal Goddess Advanced", 
        "description": "", 
        "macro_strategy": "M", 
        "price": 499, 
        "custom_price_per_workout": null, 
        "custom_end_date": null, 
        "price_model": "R", 
        "to_expect_text": "", 
        "recurring": false, 
        "provisional": false, 
        "uses_macros": true, 
        "url_slug": "joy-victoria-gluteal-goddess"
    }
},
{
    "pk": 3, 
    "model": "base.blitz", 
    "fields": {
        "trainer": 5, 
        "begin_date": "2013-06-03", 
        "workout_plan": 6, 
        "sales_page_content": 3, 
        "title": "Advanced Lifting", 
        "description": "", 
        "macro_strategy": "M", 
        "price": 500, 
        "custom_price_per_workout": null, 
        "custom_end_date": null, 
        "price_model": "R", 
        "to_expect_text": "", 
        "recurring": false, 
        "provisional": false, 
        "uses_macros": true, 
        "url_slug": "perryman-advanced"
    }
},
{
    "pk": 4, 
    "model": "base.blitz", 
    "fields": {
        "trainer": 6, 
        "begin_date": "2014-10-06", 
        "workout_plan": 1, 
        "sales_page_content": 4, 
        "title": "Posting and Toasting", 
        "description": "", 
        "macro_strategy": "M", 
        "price": 200, 
        "custom_price_per_workout": null, 
        "custom_end_date": null, 
        "price_model": "R", 
        "to_expect_text": "", 
        "recurring": false, 
        "provisional": false, 
        "uses_macros": true, 
        "url_slug": "CT"
    }
},
{
    "pk": 5, 
    "model": "base.blitz", 
    "fields": {
        "trainer": 6, 
        "begin_date": "2014-10-13", 
        "workout_plan": 2, 
        "sales_page_content": 5, 
        "title": "Posting and Toasting 2", 
        "description": "", 
        "macro_strategy": "M", 
        "price": 49, 
        "custom_price_per_workout": null, 
        "custom_end_date": null, 
        "price_model": "R", 
        "to_expect_text": "", 
        "recurring": true, 
        "provisional": true, 
        "uses_macros": true, 
        "url_slug": "CT2"
    }
},
{
    "pk": 6, 
    "model": "base.blitz", 
    "fields": {
        "trainer": 6, 
        "begin_date": "2014-10-13", 
        "workout_plan": null, 
        "sales_page_content": 5, 
        "title": "individual:Aaron Hernandez blitz:CT2", 
        "description": "", 
        "macro_strategy": "M", 
        "price": 0, 
        "custom_price_per_workout": null, 
        "custom_end_date": null, 
        "price_model": "R", 
        "to_expect_text": "", 
        "recurring": true, 
        "provisional": false, 
        "uses_macros": true, 
        "url_slug": ""
    }
},
{
    "pk": 7, 
    "model": "base.blitz", 
    "fields": {
        "trainer": 7, 
        "begin_date": "2014-10-06", 
        "workout_plan": 7, 
        "sales_page_content": 6, 
        "title": "3 Week 1:1 Rashid Plan", 
        "description": "", 
        "macro_strategy": "M", 
        "price": 50, 
        "custom_price_per_workout": null, 
        "custom_end_date": null, 
        "price_model": "R", 
        "to_expect_text": "", 
        "recurring": true, 
        "provisional": true, 
        "uses_macros": true, 
        "url_slug": "3weeks"
    }
},
{
    "pk": 8, 
    "model": "base.blitz", 
    "fields": {
        "trainer": 7, 
        "begin_date": "2014-10-06", 
        "workout_plan": 7, 
        "sales_page_content": 7, 
        "title": "Make it HEAVY Training", 
        "description": "", 
        "macro_strategy": "M", 
        "price": 100, 
        "custom_price_per_workout": null, 
        "custom_end_date": null, 
        "price_model": "R", 
        "to_expect_text": "", 
        "recurring": false, 
        "provisional": false, 
        "uses_macros": true, 
        "url_slug": "mike"
    }
},
{
    "pk": 9, 
    "model": "base.blitz", 
    "fields": {
        "trainer": 7, 
        "begin_date": "2014-10-20", 
        "workout_plan": 8, 
        "sales_page_content": 8, 
        "title": "GK's workout program", 
        "description": "", 
        "macro_strategy": "M", 
        "price": 1, 
        "custom_price_per_workout": null, 
        "custom_end_date": null, 
        "price_model": "R", 
        "to_expect_text": "", 
        "recurring": true, 
        "provisional": true, 
        "uses_macros": true, 
        "url_slug": "gk"
    }
},
{
    "pk": 10, 
    "model": "base.blitz", 
    "fields": {
        "trainer": 7, 
        "begin_date": "2014-10-20", 
        "workout_plan": 8, 
        "sales_page_content": 8, 
        "title": "individual:GK blitz:gk", 
        "description": "", 
        "macro_strategy": "M", 
        "price": 0, 
        "custom_price_per_workout": null, 
        "custom_end_date": null, 
        "price_model": "R", 
        "to_expect_text": "", 
        "recurring": true, 
        "provisional": false, 
        "uses_macros": true, 
        "url_slug": ""
    }
},
{
    "pk": 11, 
    "model": "base.blitz", 
    "fields": {
        "trainer": 7, 
        "begin_date": "2014-10-20", 
        "workout_plan": 8, 
        "sales_page_content": 8, 
        "title": "individual:GK blitz:gk", 
        "description": "", 
        "macro_strategy": "M", 
        "price": 0, 
        "custom_price_per_workout": null, 
        "custom_end_date": null, 
        "price_model": "R", 
        "to_expect_text": "", 
        "recurring": true, 
        "provisional": false, 
        "uses_macros": true, 
        "url_slug": ""
    }
},
{
    "pk": 1, 
    "model": "base.blitzinvitation", 
    "fields": {
        "name": "GK", 
        "price": 0, 
        "blitz": 9, 
        "free": true, 
        "signup_key": "ED7P9F", 
        "email": "georgek@gmail.com", 
        "workout_plan": 8
    }
},
{
    "pk": 1, 
    "model": "base.blitzmember", 
    "fields": {
        "date_created": "2014-10-20", 
        "client": 1, 
        "blitz": 4
    }
},
{
    "pk": 2, 
    "model": "base.blitzmember", 
    "fields": {
        "date_created": "2014-10-20", 
        "client": 2, 
        "blitz": 4
    }
},
{
    "pk": 3, 
    "model": "base.blitzmember", 
    "fields": {
        "date_created": "2014-10-20", 
        "client": 3, 
        "blitz": 4
    }
},
{
    "pk": 4, 
    "model": "base.blitzmember", 
    "fields": {
        "date_created": "2014-10-20", 
        "client": 4, 
        "blitz": 4
    }
},
{
    "pk": 5, 
    "model": "base.blitzmember", 
    "fields": {
        "date_created": "2014-10-20", 
        "client": 5, 
        "blitz": 4
    }
},
{
    "pk": 6, 
    "model": "base.blitzmember", 
    "fields": {
        "date_created": "2014-10-20", 
        "client": 6, 
        "blitz": 6
    }
},
{
    "pk": 7, 
    "model": "base.blitzmember", 
    "fields": {
        "date_created": "2014-10-20", 
        "client": 7, 
        "blitz": 8
    }
},
{
    "pk": 8, 
    "model": "base.blitzmember", 
    "fields": {
        "date_created": "2014-10-20", 
        "client": 8, 
        "blitz": 8
    }
},
{
    "pk": 9, 
    "model": "base.blitzmember", 
    "fields": {
        "date_created": "2014-10-20", 
        "client": 9, 
        "blitz": 11
    }
},
{
    "pk": 1, 
    "model": "base.feeditem", 
    "fields": {
        "pub_date": "2014-10-06T00:00:00Z", 
        "blitz": 4, 
        "object_id": 1, 
        "content_type": 28
    }
},
{
    "pk": 2, 
    "model": "base.feeditem", 
    "fields": {
        "pub_date": "2014-10-10T00:00:00Z", 
        "blitz": 4, 
        "object_id": 2, 
        "content_type": 28
    }
},
{
    "pk": 3, 
    "model": "base.feeditem", 
    "fields": {
        "pub_date": "2014-10-13T00:00:00Z", 
        "blitz": 4, 
        "object_id": 3, 
        "content_type": 28
    }
},
{
    "pk": 4, 
    "model": "base.feeditem", 
    "fields": {
        "pub_date": "2014-10-15T00:00:00Z", 
        "blitz": 4, 
        "object_id": 4, 
        "content_type": 28
    }
},
{
    "pk": 5, 
    "model": "base.feeditem", 
    "fields": {
        "pub_date": "2014-10-17T00:00:00Z", 
        "blitz": 4, 
        "object_id": 5, 
        "content_type": 28
    }
},
{
    "pk": 6, 
    "model": "base.feeditem", 
    "fields": {
        "pub_date": "2014-10-06T00:00:00Z", 
        "blitz": 4, 
        "object_id": 6, 
        "content_type": 28
    }
},
{
    "pk": 7, 
    "model": "base.feeditem", 
    "fields": {
        "pub_date": "2014-10-08T00:00:00Z", 
        "blitz": 4, 
        "object_id": 7, 
        "content_type": 28
    }
},
{
    "pk": 8, 
    "model": "base.feeditem", 
    "fields": {
        "pub_date": "2014-10-10T00:00:00Z", 
        "blitz": 4, 
        "object_id": 8, 
        "content_type": 28
    }
},
{
    "pk": 9, 
    "model": "base.feeditem", 
    "fields": {
        "pub_date": "2014-10-17T00:00:00Z", 
        "blitz": 4, 
        "object_id": 9, 
        "content_type": 28
    }
},
{
    "pk": 10, 
    "model": "base.feeditem", 
    "fields": {
        "pub_date": "2014-10-06T00:00:00Z", 
        "blitz": 4, 
        "object_id": 10, 
        "content_type": 28
    }
},
{
    "pk": 11, 
    "model": "base.feeditem", 
    "fields": {
        "pub_date": "2014-10-08T00:00:00Z", 
        "blitz": 4, 
        "object_id": 11, 
        "content_type": 28
    }
},
{
    "pk": 12, 
    "model": "base.feeditem", 
    "fields": {
        "pub_date": "2014-10-13T00:00:00Z", 
        "blitz": 4, 
        "object_id": 12, 
        "content_type": 28
    }
},
{
    "pk": 13, 
    "model": "base.feeditem", 
    "fields": {
        "pub_date": "2014-10-20T00:00:00Z", 
        "blitz": 4, 
        "object_id": 13, 
        "content_type": 28
    }
},
{
    "pk": 14, 
    "model": "base.feeditem", 
    "fields": {
        "pub_date": "2014-10-08T00:00:00Z", 
        "blitz": 4, 
        "object_id": 14, 
        "content_type": 28
    }
},
{
    "pk": 15, 
    "model": "base.feeditem", 
    "fields": {
        "pub_date": "2014-10-10T00:00:00Z", 
        "blitz": 4, 
        "object_id": 15, 
        "content_type": 28
    }
},
{
    "pk": 16, 
    "model": "base.feeditem", 
    "fields": {
        "pub_date": "2014-10-15T00:00:00Z", 
        "blitz": 4, 
        "object_id": 16, 
        "content_type": 28
    }
},
{
    "pk": 17, 
    "model": "base.feeditem", 
    "fields": {
        "pub_date": "2014-10-08T00:00:00Z", 
        "blitz": 4, 
        "object_id": 17, 
        "content_type": 28
    }
},
{
    "pk": 18, 
    "model": "base.feeditem", 
    "fields": {
        "pub_date": "2014-10-10T00:00:00Z", 
        "blitz": 4, 
        "object_id": 18, 
        "content_type": 28
    }
},
{
    "pk": 19, 
    "model": "base.feeditem", 
    "fields": {
        "pub_date": "2014-10-17T00:00:00Z", 
        "blitz": 4, 
        "object_id": 19, 
        "content_type": 28
    }
},
{
    "pk": 20, 
    "model": "base.feeditem", 
    "fields": {
        "pub_date": "2014-10-08T00:00:00Z", 
        "blitz": 4, 
        "object_id": 20, 
        "content_type": 28
    }
},
{
    "pk": 21, 
    "model": "base.feeditem", 
    "fields": {
        "pub_date": "2014-10-10T00:00:00Z", 
        "blitz": 4, 
        "object_id": 21, 
        "content_type": 28
    }
},
{
    "pk": 22, 
    "model": "base.feeditem", 
    "fields": {
        "pub_date": "2014-10-13T00:00:00Z", 
        "blitz": 4, 
        "object_id": 22, 
        "content_type": 28
    }
},
{
    "pk": 23, 
    "model": "base.feeditem", 
    "fields": {
        "pub_date": "2014-10-20T00:00:00Z", 
        "blitz": 4, 
        "object_id": 23, 
        "content_type": 28
    }
},
{
    "pk": 24, 
    "model": "base.feeditem", 
    "fields": {
        "pub_date": "2014-10-20T14:39:15.843Z", 
        "blitz": 4, 
        "object_id": 1, 
        "content_type": 31
    }
},
{
    "pk": 25, 
    "model": "base.feeditem", 
    "fields": {
        "pub_date": "2014-10-20T14:39:16.671Z", 
        "blitz": 4, 
        "object_id": 2, 
        "content_type": 31
    }
},
{
    "pk": 26, 
    "model": "base.feeditem", 
    "fields": {
        "pub_date": "2014-10-06T00:00:00Z", 
        "blitz": 8, 
        "object_id": 24, 
        "content_type": 28
    }
},
{
    "pk": 27, 
    "model": "base.feeditem", 
    "fields": {
        "pub_date": "2014-10-08T00:00:00Z", 
        "blitz": 8, 
        "object_id": 25, 
        "content_type": 28
    }
},
{
    "pk": 28, 
    "model": "base.feeditem", 
    "fields": {
        "pub_date": "2014-10-10T00:00:00Z", 
        "blitz": 8, 
        "object_id": 26, 
        "content_type": 28
    }
},
{
    "pk": 29, 
    "model": "base.feeditem", 
    "fields": {
        "pub_date": "2014-10-13T00:00:00Z", 
        "blitz": 8, 
        "object_id": 27, 
        "content_type": 28
    }
},
{
    "pk": 30, 
    "model": "base.feeditem", 
    "fields": {
        "pub_date": "2014-10-17T00:00:00Z", 
        "blitz": 8, 
        "object_id": 28, 
        "content_type": 28
    }
},
{
    "pk": 31, 
    "model": "base.feeditem", 
    "fields": {
        "pub_date": "2014-10-20T00:00:00Z", 
        "blitz": 8, 
        "object_id": 29, 
        "content_type": 28
    }
},
{
    "pk": 32, 
    "model": "base.feeditem", 
    "fields": {
        "pub_date": "2014-10-06T00:00:00Z", 
        "blitz": 8, 
        "object_id": 30, 
        "content_type": 28
    }
},
{
    "pk": 33, 
    "model": "base.feeditem", 
    "fields": {
        "pub_date": "2014-10-08T00:00:00Z", 
        "blitz": 8, 
        "object_id": 31, 
        "content_type": 28
    }
},
{
    "pk": 34, 
    "model": "base.feeditem", 
    "fields": {
        "pub_date": "2014-10-15T00:00:00Z", 
        "blitz": 8, 
        "object_id": 32, 
        "content_type": 28
    }
},
{
    "pk": 35, 
    "model": "base.feeditem", 
    "fields": {
        "pub_date": "2014-10-17T00:00:00Z", 
        "blitz": 8, 
        "object_id": 33, 
        "content_type": 28
    }
},
{
    "pk": 36, 
    "model": "base.feeditem", 
    "fields": {
        "pub_date": "2014-10-20T00:00:00Z", 
        "blitz": 8, 
        "object_id": 34, 
        "content_type": 28
    }
},
{
    "pk": 37, 
    "model": "base.feeditem", 
    "fields": {
        "pub_date": "2014-10-20T14:40:37.138Z", 
        "blitz": 8, 
        "object_id": 6, 
        "content_type": 31
    }
},
{
    "pk": 38, 
    "model": "base.feeditem", 
    "fields": {
        "pub_date": "2014-10-20T14:40:37.748Z", 
        "blitz": 7, 
        "object_id": 7, 
        "content_type": 31
    }
},
{
    "pk": 39, 
    "model": "base.feeditem", 
    "fields": {
        "pub_date": "2014-10-20T17:11:51.677Z", 
        "blitz": 10, 
        "object_id": 10, 
        "content_type": 31
    }
},
{
    "pk": 1, 
    "model": "base.gymsession", 
    "fields": {
        "is_logged": true, 
        "workout_plan_day": 1, 
        "client": 1, 
        "notes": "", 
        "date_of_session": "2014-10-06"
    }
},
{
    "pk": 2, 
    "model": "base.gymsession", 
    "fields": {
        "is_logged": true, 
        "workout_plan_day": 3, 
        "client": 1, 
        "notes": "", 
        "date_of_session": "2014-10-10"
    }
},
{
    "pk": 3, 
    "model": "base.gymsession", 
    "fields": {
        "is_logged": true, 
        "workout_plan_day": 4, 
        "client": 1, 
        "notes": "", 
        "date_of_session": "2014-10-13"
    }
},
{
    "pk": 4, 
    "model": "base.gymsession", 
    "fields": {
        "is_logged": true, 
        "workout_plan_day": 5, 
        "client": 1, 
        "notes": "", 
        "date_of_session": "2014-10-15"
    }
},
{
    "pk": 5, 
    "model": "base.gymsession", 
    "fields": {
        "is_logged": true, 
        "workout_plan_day": 6, 
        "client": 1, 
        "notes": "", 
        "date_of_session": "2014-10-17"
    }
},
{
    "pk": 6, 
    "model": "base.gymsession", 
    "fields": {
        "is_logged": true, 
        "workout_plan_day": 1, 
        "client": 2, 
        "notes": "", 
        "date_of_session": "2014-10-06"
    }
},
{
    "pk": 7, 
    "model": "base.gymsession", 
    "fields": {
        "is_logged": true, 
        "workout_plan_day": 2, 
        "client": 2, 
        "notes": "", 
        "date_of_session": "2014-10-08"
    }
},
{
    "pk": 8, 
    "model": "base.gymsession", 
    "fields": {
        "is_logged": true, 
        "workout_plan_day": 3, 
        "client": 2, 
        "notes": "", 
        "date_of_session": "2014-10-10"
    }
},
{
    "pk": 9, 
    "model": "base.gymsession", 
    "fields": {
        "is_logged": true, 
        "workout_plan_day": 6, 
        "client": 2, 
        "notes": "", 
        "date_of_session": "2014-10-17"
    }
},
{
    "pk": 10, 
    "model": "base.gymsession", 
    "fields": {
        "is_logged": true, 
        "workout_plan_day": 1, 
        "client": 3, 
        "notes": "", 
        "date_of_session": "2014-10-06"
    }
},
{
    "pk": 11, 
    "model": "base.gymsession", 
    "fields": {
        "is_logged": true, 
        "workout_plan_day": 2, 
        "client": 3, 
        "notes": "", 
        "date_of_session": "2014-10-08"
    }
},
{
    "pk": 12, 
    "model": "base.gymsession", 
    "fields": {
        "is_logged": true, 
        "workout_plan_day": 4, 
        "client": 3, 
        "notes": "", 
        "date_of_session": "2014-10-13"
    }
},
{
    "pk": 13, 
    "model": "base.gymsession", 
    "fields": {
        "is_logged": true, 
        "workout_plan_day": 7, 
        "client": 3, 
        "notes": "", 
        "date_of_session": "2014-10-20"
    }
},
{
    "pk": 14, 
    "model": "base.gymsession", 
    "fields": {
        "is_logged": true, 
        "workout_plan_day": 2, 
        "client": 4, 
        "notes": "", 
        "date_of_session": "2014-10-08"
    }
},
{
    "pk": 15, 
    "model": "base.gymsession", 
    "fields": {
        "is_logged": true, 
        "workout_plan_day": 3, 
        "client": 4, 
        "notes": "", 
        "date_of_session": "2014-10-10"
    }
},
{
    "pk": 16, 
    "model": "base.gymsession", 
    "fields": {
        "is_logged": true, 
        "workout_plan_day": 5, 
        "client": 4, 
        "notes": "", 
        "date_of_session": "2014-10-15"
    }
},
{
    "pk": 17, 
    "model": "base.gymsession", 
    "fields": {
        "is_logged": true, 
        "workout_plan_day": 2, 
        "client": 5, 
        "notes": "", 
        "date_of_session": "2014-10-08"
    }
},
{
    "pk": 18, 
    "model": "base.gymsession", 
    "fields": {
        "is_logged": true, 
        "workout_plan_day": 3, 
        "client": 5, 
        "notes": "", 
        "date_of_session": "2014-10-10"
    }
},
{
    "pk": 19, 
    "model": "base.gymsession", 
    "fields": {
        "is_logged": true, 
        "workout_plan_day": 6, 
        "client": 5, 
        "notes": "", 
        "date_of_session": "2014-10-17"
    }
},
{
    "pk": 20, 
    "model": "base.gymsession", 
    "fields": {
        "is_logged": true, 
        "workout_plan_day": 2, 
        "client": 6, 
        "notes": "", 
        "date_of_session": "2014-10-08"
    }
},
{
    "pk": 21, 
    "model": "base.gymsession", 
    "fields": {
        "is_logged": true, 
        "workout_plan_day": 3, 
        "client": 6, 
        "notes": "", 
        "date_of_session": "2014-10-10"
    }
},
{
    "pk": 22, 
    "model": "base.gymsession", 
    "fields": {
        "is_logged": true, 
        "workout_plan_day": 4, 
        "client": 6, 
        "notes": "", 
        "date_of_session": "2014-10-13"
    }
},
{
    "pk": 23, 
    "model": "base.gymsession", 
    "fields": {
        "is_logged": true, 
        "workout_plan_day": 7, 
        "client": 6, 
        "notes": "", 
        "date_of_session": "2014-10-20"
    }
},
{
    "pk": 24, 
    "model": "base.gymsession", 
    "fields": {
        "is_logged": true, 
        "workout_plan_day": 220, 
        "client": 7, 
        "notes": "", 
        "date_of_session": "2014-10-06"
    }
},
{
    "pk": 25, 
    "model": "base.gymsession", 
    "fields": {
        "is_logged": true, 
        "workout_plan_day": 221, 
        "client": 7, 
        "notes": "", 
        "date_of_session": "2014-10-08"
    }
},
{
    "pk": 26, 
    "model": "base.gymsession", 
    "fields": {
        "is_logged": true, 
        "workout_plan_day": 222, 
        "client": 7, 
        "notes": "", 
        "date_of_session": "2014-10-10"
    }
},
{
    "pk": 27, 
    "model": "base.gymsession", 
    "fields": {
        "is_logged": true, 
        "workout_plan_day": 223, 
        "client": 7, 
        "notes": "", 
        "date_of_session": "2014-10-13"
    }
},
{
    "pk": 28, 
    "model": "base.gymsession", 
    "fields": {
        "is_logged": true, 
        "workout_plan_day": 225, 
        "client": 7, 
        "notes": "", 
        "date_of_session": "2014-10-17"
    }
},
{
    "pk": 29, 
    "model": "base.gymsession", 
    "fields": {
        "is_logged": true, 
        "workout_plan_day": 226, 
        "client": 7, 
        "notes": "", 
        "date_of_session": "2014-10-20"
    }
},
{
    "pk": 30, 
    "model": "base.gymsession", 
    "fields": {
        "is_logged": true, 
        "workout_plan_day": 220, 
        "client": 8, 
        "notes": "", 
        "date_of_session": "2014-10-06"
    }
},
{
    "pk": 31, 
    "model": "base.gymsession", 
    "fields": {
        "is_logged": true, 
        "workout_plan_day": 221, 
        "client": 8, 
        "notes": "", 
        "date_of_session": "2014-10-08"
    }
},
{
    "pk": 32, 
    "model": "base.gymsession", 
    "fields": {
        "is_logged": true, 
        "workout_plan_day": 224, 
        "client": 8, 
        "notes": "", 
        "date_of_session": "2014-10-15"
    }
},
{
    "pk": 33, 
    "model": "base.gymsession", 
    "fields": {
        "is_logged": true, 
        "workout_plan_day": 225, 
        "client": 8, 
        "notes": "", 
        "date_of_session": "2014-10-17"
    }
},
{
    "pk": 34, 
    "model": "base.gymsession", 
    "fields": {
        "is_logged": true, 
        "workout_plan_day": 226, 
        "client": 8, 
        "notes": "", 
        "date_of_session": "2014-10-20"
    }
},
{
    "pk": 1, 
    "model": "base.completedset", 
    "fields": {
        "workout_set": 1, 
        "gym_session": 1, 
        "weight_in_lbs": 125.0, 
        "set_type": "S", 
        "num_reps_completed": 8
    }
},
{
    "pk": 2, 
    "model": "base.completedset", 
    "fields": {
        "workout_set": 2, 
        "gym_session": 1, 
        "weight_in_lbs": 68.0, 
        "set_type": "S", 
        "num_reps_completed": 8
    }
},
{
    "pk": 3, 
    "model": "base.completedset", 
    "fields": {
        "workout_set": 3, 
        "gym_session": 1, 
        "weight_in_lbs": 111.0, 
        "set_type": "S", 
        "num_reps_completed": 8
    }
},
{
    "pk": 4, 
    "model": "base.completedset", 
    "fields": {
        "workout_set": 4, 
        "gym_session": 1, 
        "weight_in_lbs": 60.0, 
        "set_type": "S", 
        "num_reps_completed": 8
    }
},
{
    "pk": 5, 
    "model": "base.completedset", 
    "fields": {
        "workout_set": 7, 
        "gym_session": 1, 
        "weight_in_lbs": 57.0, 
        "set_type": "S", 
        "num_reps_completed": 8
    }
},
{
    "pk": 6, 
    "model": "base.completedset", 
    "fields": {
        "workout_set": 8, 
        "gym_session": 1, 
        "weight_in_lbs": 138.0, 
        "set_type": "S", 
        "num_reps_completed": 8
    }
},
{
    "pk": 7, 
    "model": "base.completedset", 
    "fields": {
        "workout_set": 9, 
        "gym_session": 1, 
        "weight_in_lbs": 51.0, 
        "set_type": "S", 
        "num_reps_completed": 8
    }
},
{
    "pk": 8, 
    "model": "base.completedset", 
    "fields": {
        "workout_set": 10, 
        "gym_session": 1, 
        "weight_in_lbs": 129.0, 
        "set_type": "S", 
        "num_reps_completed": 8
    }
},
{
    "pk": 9, 
    "model": "base.completedset", 
    "fields": {
        "workout_set": 11, 
        "gym_session": 1, 
        "weight_in_lbs": 131.0, 
        "set_type": "S", 
        "num_reps_completed": 8
    }
},
{
    "pk": 10, 
    "model": "base.completedset", 
    "fields": {
        "workout_set": 14, 
        "gym_session": 1, 
        "weight_in_lbs": 74.0, 
        "set_type": "S", 
        "num_reps_completed": 8
    }
},
{
    "pk": 11, 
    "model": "base.completedset", 
    "fields": {
        "workout_set": 29, 
        "gym_session": 2, 
        "weight_in_lbs": 114.0, 
        "set_type": "S", 
        "num_reps_completed": 8
    }
},
{
    "pk": 12, 
    "model": "base.completedset", 
    "fields": {
        "workout_set": 30, 
        "gym_session": 2, 
        "weight_in_lbs": 89.0, 
        "set_type": "S", 
        "num_reps_completed": 8
    }
},
{
    "pk": 13, 
    "model": "base.completedset", 
    "fields": {
        "workout_set": 33, 
        "gym_session": 2, 
        "weight_in_lbs": 148.0, 
        "set_type": "S", 
        "num_reps_completed": 8
    }
},
{
    "pk": 14, 
    "model": "base.completedset", 
    "fields": {
        "workout_set": 34, 
        "gym_session": 2, 
        "weight_in_lbs": 114.0, 
        "set_type": "S", 
        "num_reps_completed": 8
    }
},
{
    "pk": 15, 
    "model": "base.completedset", 
    "fields": {
        "workout_set": 35, 
        "gym_session": 2, 
        "weight_in_lbs": 98.0, 
        "set_type": "S", 
        "num_reps_completed": 8
    }
},
{
    "pk": 16, 
    "model": "base.completedset", 
    "fields": {
        "workout_set": 36, 
        "gym_session": 2, 
        "weight_in_lbs": 142.0, 
        "set_type": "S", 
        "num_reps_completed": 8
    }
},
{
    "pk": 17, 
    "model": "base.completedset", 
    "fields": {
        "workout_set": 37, 
        "gym_session": 2, 
        "weight_in_lbs": 114.0, 
        "set_type": "S", 
        "num_reps_completed": 8
    }
},
{
    "pk": 18, 
    "model": "base.completedset", 
    "fields": {
        "workout_set": 38, 
        "gym_session": 2, 
        "weight_in_lbs": 95.0, 
        "set_type": "S", 
        "num_reps_completed": 8
    }
},
{
    "pk": 19, 
    "model": "base.completedset", 
    "fields": {
        "workout_set": 39, 
        "gym_session": 2, 
        "weight_in_lbs": 77.0, 
        "set_type": "S", 
        "num_reps_completed": 8
    }
},
{
    "pk": 20, 
    "model": "base.completedset", 
    "fields": {
        "workout_set": 41, 
        "gym_session": 2, 
        "weight_in_lbs": 115.0, 
        "set_type": "S", 
        "num_reps_completed": 8
    }
},
{
    "pk": 21, 
    "model": "base.completedset", 
    "fields": {
        "workout_set": 42, 
        "gym_session": 2, 
        "weight_in_lbs": 127.0, 
        "set_type": "S", 
        "num_reps_completed": 8
    }
},
{
    "pk": 22, 
    "model": "base.completedset", 
    "fields": {
        "workout_set": 2, 
        "gym_session": 3, 
        "weight_in_lbs": 63.0, 
        "set_type": "S", 
        "num_reps_completed": 8
    }
},
{
    "pk": 23, 
    "model": "base.completedset", 
    "fields": {
        "workout_set": 4, 
        "gym_session": 3, 
        "weight_in_lbs": 120.0, 
        "set_type": "S", 
        "num_reps_completed": 8
    }
},
{
    "pk": 24, 
    "model": "base.completedset", 
    "fields": {
        "workout_set": 5, 
        "gym_session": 3, 
        "weight_in_lbs": 61.0, 
        "set_type": "S", 
        "num_reps_completed": 8
    }
},
{
    "pk": 25, 
    "model": "base.completedset", 
    "fields": {
        "workout_set": 6, 
        "gym_session": 3, 
        "weight_in_lbs": 59.0, 
        "set_type": "S", 
        "num_reps_completed": 8
    }
},
{
    "pk": 26, 
    "model": "base.completedset", 
    "fields": {
        "workout_set": 8, 
        "gym_session": 3, 
        "weight_in_lbs": 95.0, 
        "set_type": "S", 
        "num_reps_completed": 8
    }
},
{
    "pk": 27, 
    "model": "base.completedset", 
    "fields": {
        "workout_set": 9, 
        "gym_session": 3, 
        "weight_in_lbs": 141.0, 
        "set_type": "S", 
        "num_reps_completed": 8
    }
},
{
    "pk": 28, 
    "model": "base.completedset", 
    "fields": {
        "workout_set": 10, 
        "gym_session": 3, 
        "weight_in_lbs": 140.0, 
        "set_type": "S", 
        "num_reps_completed": 8
    }
},
{
    "pk": 29, 
    "model": "base.completedset", 
    "fields": {
        "workout_set": 11, 
        "gym_session": 3, 
        "weight_in_lbs": 55.0, 
        "set_type": "S", 
        "num_reps_completed": 8
    }
},
{
    "pk": 30, 
    "model": "base.completedset", 
    "fields": {
        "workout_set": 13, 
        "gym_session": 3, 
        "weight_in_lbs": 124.0, 
        "set_type": "S", 
        "num_reps_completed": 8
    }
},
{
    "pk": 31, 
    "model": "base.completedset", 
    "fields": {
        "workout_set": 14, 
        "gym_session": 3, 
        "weight_in_lbs": 108.0, 
        "set_type": "S", 
        "num_reps_completed": 8
    }
},
{
    "pk": 32, 
    "model": "base.completedset", 
    "fields": {
        "workout_set": 15, 
        "gym_session": 4, 
        "weight_in_lbs": 116.0, 
        "set_type": "S", 
        "num_reps_completed": 8
    }
},
{
    "pk": 33, 
    "model": "base.completedset", 
    "fields": {
        "workout_set": 16, 
        "gym_session": 4, 
        "weight_in_lbs": 82.0, 
        "set_type": "S", 
        "num_reps_completed": 8
    }
},
{
    "pk": 34, 
    "model": "base.completedset", 
    "fields": {
        "workout_set": 17, 
        "gym_session": 4, 
        "weight_in_lbs": 130.0, 
        "set_type": "S", 
        "num_reps_completed": 8
    }
},
{
    "pk": 35, 
    "model": "base.completedset", 
    "fields": {
        "workout_set": 18, 
        "gym_session": 4, 
        "weight_in_lbs": 127.0, 
        "set_type": "S", 
        "num_reps_completed": 8
    }
},
{
    "pk": 36, 
    "model": "base.completedset", 
    "fields": {
        "workout_set": 19, 
        "gym_session": 4, 
        "weight_in_lbs": 134.0, 
        "set_type": "S", 
        "num_reps_completed": 8
    }
},
{
    "pk": 37, 
    "model": "base.completedset", 
    "fields": {
        "workout_set": 20, 
        "gym_session": 4, 
        "weight_in_lbs": 132.0, 
        "set_type": "S", 
        "num_reps_completed": 8
    }
},
{
    "pk": 38, 
    "model": "base.completedset", 
    "fields": {
        "workout_set": 22, 
        "gym_session": 4, 
        "weight_in_lbs": 95.0, 
        "set_type": "S", 
        "num_reps_completed": 8
    }
},
{
    "pk": 39, 
    "model": "base.completedset", 
    "fields": {
        "workout_set": 23, 
        "gym_session": 4, 
        "weight_in_lbs": 124.0, 
        "set_type": "S", 
        "num_reps_completed": 8
    }
},
{
    "pk": 40, 
    "model": "base.completedset", 
    "fields": {
        "workout_set": 24, 
        "gym_session": 4, 
        "weight_in_lbs": 61.0, 
        "set_type": "S", 
        "num_reps_completed": 8
    }
},
{
    "pk": 41, 
    "model": "base.completedset", 
    "fields": {
        "workout_set": 25, 
        "gym_session": 4, 
        "weight_in_lbs": 123.0, 
        "set_type": "S", 
        "num_reps_completed": 8
    }
},
{
    "pk": 42, 
    "model": "base.completedset", 
    "fields": {
        "workout_set": 26, 
        "gym_session": 4, 
        "weight_in_lbs": 97.0, 
        "set_type": "S", 
        "num_reps_completed": 8
    }
},
{
    "pk": 43, 
    "model": "base.completedset", 
    "fields": {
        "workout_set": 27, 
        "gym_session": 4, 
        "weight_in_lbs": 65.0, 
        "set_type": "S", 
        "num_reps_completed": 8
    }
},
{
    "pk": 44, 
    "model": "base.completedset", 
    "fields": {
        "workout_set": 28, 
        "gym_session": 4, 
        "weight_in_lbs": 72.0, 
        "set_type": "S", 
        "num_reps_completed": 8
    }
},
{
    "pk": 45, 
    "model": "base.completedset", 
    "fields": {
        "workout_set": 29, 
        "gym_session": 5, 
        "weight_in_lbs": 84.0, 
        "set_type": "S", 
        "num_reps_completed": 8
    }
},
{
    "pk": 46, 
    "model": "base.completedset", 
    "fields": {
        "workout_set": 33, 
        "gym_session": 5, 
        "weight_in_lbs": 148.0, 
        "set_type": "S", 
        "num_reps_completed": 8
    }
},
{
    "pk": 47, 
    "model": "base.completedset", 
    "fields": {
        "workout_set": 34, 
        "gym_session": 5, 
        "weight_in_lbs": 110.0, 
        "set_type": "S", 
        "num_reps_completed": 8
    }
},
{
    "pk": 48, 
    "model": "base.completedset", 
    "fields": {
        "workout_set": 36, 
        "gym_session": 5, 
        "weight_in_lbs": 147.0, 
        "set_type": "S", 
        "num_reps_completed": 8
    }
},
{
    "pk": 49, 
    "model": "base.completedset", 
    "fields": {
        "workout_set": 37, 
        "gym_session": 5, 
        "weight_in_lbs": 100.0, 
        "set_type": "S", 
        "num_reps_completed": 8
    }
},
{
    "pk": 50, 
    "model": "base.completedset", 
    "fields": {
        "workout_set": 38, 
        "gym_session": 5, 
        "weight_in_lbs": 89.0, 
        "set_type": "S", 
        "num_reps_completed": 8
    }
},
{
    "pk": 51, 
    "model": "base.completedset", 
    "fields": {
        "workout_set": 39, 
        "gym_session": 5, 
        "weight_in_lbs": 130.0, 
        "set_type": "S", 
        "num_reps_completed": 8
    }
},
{
    "pk": 52, 
    "model": "base.completedset", 
    "fields": {
        "workout_set": 40, 
        "gym_session": 5, 
        "weight_in_lbs": 131.0, 
        "set_type": "S", 
        "num_reps_completed": 8
    }
},
{
    "pk": 53, 
    "model": "base.completedset", 
    "fields": {
        "workout_set": 41, 
        "gym_session": 5, 
        "weight_in_lbs": 91.0, 
        "set_type": "S", 
        "num_reps_completed": 8
    }
},
{
    "pk": 54, 
    "model": "base.completedset", 
    "fields": {
        "workout_set": 42, 
        "gym_session": 5, 
        "weight_in_lbs": 63.0, 
        "set_type": "S", 
        "num_reps_completed": 8
    }
},
{
    "pk": 55, 
    "model": "base.completedset", 
    "fields": {
        "workout_set": 2, 
        "gym_session": 6, 
        "weight_in_lbs": 140.0, 
        "set_type": "S", 
        "num_reps_completed": 8
    }
},
{
    "pk": 56, 
    "model": "base.completedset", 
    "fields": {
        "workout_set": 4, 
        "gym_session": 6, 
        "weight_in_lbs": 82.0, 
        "set_type": "S", 
        "num_reps_completed": 8
    }
},
{
    "pk": 57, 
    "model": "base.completedset", 
    "fields": {
        "workout_set": 5, 
        "gym_session": 6, 
        "weight_in_lbs": 90.0, 
        "set_type": "S", 
        "num_reps_completed": 8
    }
},
{
    "pk": 58, 
    "model": "base.completedset", 
    "fields": {
        "workout_set": 7, 
        "gym_session": 6, 
        "weight_in_lbs": 81.0, 
        "set_type": "S", 
        "num_reps_completed": 8
    }
},
{
    "pk": 59, 
    "model": "base.completedset", 
    "fields": {
        "workout_set": 8, 
        "gym_session": 6, 
        "weight_in_lbs": 83.0, 
        "set_type": "S", 
        "num_reps_completed": 8
    }
},
{
    "pk": 60, 
    "model": "base.completedset", 
    "fields": {
        "workout_set": 9, 
        "gym_session": 6, 
        "weight_in_lbs": 109.0, 
        "set_type": "S", 
        "num_reps_completed": 8
    }
},
{
    "pk": 61, 
    "model": "base.completedset", 
    "fields": {
        "workout_set": 10, 
        "gym_session": 6, 
        "weight_in_lbs": 79.0, 
        "set_type": "S", 
        "num_reps_completed": 8
    }
},
{
    "pk": 62, 
    "model": "base.completedset", 
    "fields": {
        "workout_set": 11, 
        "gym_session": 6, 
        "weight_in_lbs": 51.0, 
        "set_type": "S", 
        "num_reps_completed": 8
    }
},
{
    "pk": 63, 
    "model": "base.completedset", 
    "fields": {
        "workout_set": 13, 
        "gym_session": 6, 
        "weight_in_lbs": 78.0, 
        "set_type": "S", 
        "num_reps_completed": 8
    }
},
{
    "pk": 64, 
    "model": "base.completedset", 
    "fields": {
        "workout_set": 14, 
        "gym_session": 6, 
        "weight_in_lbs": 118.0, 
        "set_type": "S", 
        "num_reps_completed": 8
    }
},
{
    "pk": 65, 
    "model": "base.completedset", 
    "fields": {
        "workout_set": 16, 
        "gym_session": 7, 
        "weight_in_lbs": 74.0, 
        "set_type": "S", 
        "num_reps_completed": 8
    }
},
{
    "pk": 66, 
    "model": "base.completedset", 
    "fields": {
        "workout_set": 17, 
        "gym_session": 7, 
        "weight_in_lbs": 144.0, 
        "set_type": "S", 
        "num_reps_completed": 8
    }
},
{
    "pk": 67, 
    "model": "base.completedset", 
    "fields": {
        "workout_set": 19, 
        "gym_session": 7, 
        "weight_in_lbs": 144.0, 
        "set_type": "S", 
        "num_reps_completed": 8
    }
},
{
    "pk": 68, 
    "model": "base.completedset", 
    "fields": {
        "workout_set": 20, 
        "gym_session": 7, 
        "weight_in_lbs": 148.0, 
        "set_type": "S", 
        "num_reps_completed": 8
    }
},
{
    "pk": 69, 
    "model": "base.completedset", 
    "fields": {
        "workout_set": 21, 
        "gym_session": 7, 
        "weight_in_lbs": 119.0, 
        "set_type": "S", 
        "num_reps_completed": 8
    }
},
{
    "pk": 70, 
    "model": "base.completedset", 
    "fields": {
        "workout_set": 22, 
        "gym_session": 7, 
        "weight_in_lbs": 68.0, 
        "set_type": "S", 
        "num_reps_completed": 8
    }
},
{
    "pk": 71, 
    "model": "base.completedset", 
    "fields": {
        "workout_set": 23, 
        "gym_session": 7, 
        "weight_in_lbs": 95.0, 
        "set_type": "S", 
        "num_reps_completed": 8
    }
},
{
    "pk": 72, 
    "model": "base.completedset", 
    "fields": {
        "workout_set": 24, 
        "gym_session": 7, 
        "weight_in_lbs": 140.0, 
        "set_type": "S", 
        "num_reps_completed": 8
    }
},
{
    "pk": 73, 
    "model": "base.completedset", 
    "fields": {
        "workout_set": 25, 
        "gym_session": 7, 
        "weight_in_lbs": 74.0, 
        "set_type": "S", 
        "num_reps_completed": 8
    }
},
{
    "pk": 74, 
    "model": "base.completedset", 
    "fields": {
        "workout_set": 26, 
        "gym_session": 7, 
        "weight_in_lbs": 134.0, 
        "set_type": "S", 
        "num_reps_completed": 8
    }
},
{
    "pk": 75, 
    "model": "base.completedset", 
    "fields": {
        "workout_set": 27, 
        "gym_session": 7, 
        "weight_in_lbs": 55.0, 
        "set_type": "S", 
        "num_reps_completed": 8
    }
},
{
    "pk": 76, 
    "model": "base.completedset", 
    "fields": {
        "workout_set": 28, 
        "gym_session": 7, 
        "weight_in_lbs": 97.0, 
        "set_type": "S", 
        "num_reps_completed": 8
    }
},
{
    "pk": 77, 
    "model": "base.completedset", 
    "fields": {
        "workout_set": 29, 
        "gym_session": 8, 
        "weight_in_lbs": 96.0, 
        "set_type": "S", 
        "num_reps_completed": 8
    }
},
{
    "pk": 78, 
    "model": "base.completedset", 
    "fields": {
        "workout_set": 30, 
        "gym_session": 8, 
        "weight_in_lbs": 127.0, 
        "set_type": "S", 
        "num_reps_completed": 8
    }
},
{
    "pk": 79, 
    "model": "base.completedset", 
    "fields": {
        "workout_set": 31, 
        "gym_session": 8, 
        "weight_in_lbs": 101.0, 
        "set_type": "S", 
        "num_reps_completed": 8
    }
},
{
    "pk": 80, 
    "model": "base.completedset", 
    "fields": {
        "workout_set": 33, 
        "gym_session": 8, 
        "weight_in_lbs": 59.0, 
        "set_type": "S", 
        "num_reps_completed": 8
    }
},
{
    "pk": 81, 
    "model": "base.completedset", 
    "fields": {
        "workout_set": 34, 
        "gym_session": 8, 
        "weight_in_lbs": 83.0, 
        "set_type": "S", 
        "num_reps_completed": 8
    }
},
{
    "pk": 82, 
    "model": "base.completedset", 
    "fields": {
        "workout_set": 36, 
        "gym_session": 8, 
        "weight_in_lbs": 144.0, 
        "set_type": "S", 
        "num_reps_completed": 8
    }
},
{
    "pk": 83, 
    "model": "base.completedset", 
    "fields": {
        "workout_set": 37, 
        "gym_session": 8, 
        "weight_in_lbs": 58.0, 
        "set_type": "S", 
        "num_reps_completed": 8
    }
},
{
    "pk": 84, 
    "model": "base.completedset", 
    "fields": {
        "workout_set": 38, 
        "gym_session": 8, 
        "weight_in_lbs": 101.0, 
        "set_type": "S", 
        "num_reps_completed": 8
    }
},
{
    "pk": 85, 
    "model": "base.completedset", 
    "fields": {
        "workout_set": 39, 
        "gym_session": 8, 
        "weight_in_lbs": 113.0, 
        "set_type": "S", 
        "num_reps_completed": 8
    }
},
{
    "pk": 86, 
    "model": "base.completedset", 
    "fields": {
        "workout_set": 40, 
        "gym_session": 8, 
        "weight_in_lbs": 136.0, 
        "set_type": "S", 
        "num_reps_completed": 8
    }
},
{
    "pk": 87, 
    "model": "base.completedset", 
    "fields": {
        "workout_set": 42, 
        "gym_session": 8, 
        "weight_in_lbs": 50.0, 
        "set_type": "S", 
        "num_reps_completed": 8
    }
},
{
    "pk": 88, 
    "model": "base.completedset", 
    "fields": {
        "workout_set": 29, 
        "gym_session": 9, 
        "weight_in_lbs": 68.0, 
        "set_type": "S", 
        "num_reps_completed": 8
    }
},
{
    "pk": 89, 
    "model": "base.completedset", 
    "fields": {
        "workout_set": 30, 
        "gym_session": 9, 
        "weight_in_lbs": 107.0, 
        "set_type": "S", 
        "num_reps_completed": 8
    }
},
{
    "pk": 90, 
    "model": "base.completedset", 
    "fields": {
        "workout_set": 31, 
        "gym_session": 9, 
        "weight_in_lbs": 112.0, 
        "set_type": "S", 
        "num_reps_completed": 8
    }
},
{
    "pk": 91, 
    "model": "base.completedset", 
    "fields": {
        "workout_set": 33, 
        "gym_session": 9, 
        "weight_in_lbs": 88.0, 
        "set_type": "S", 
        "num_reps_completed": 8
    }
},
{
    "pk": 92, 
    "model": "base.completedset", 
    "fields": {
        "workout_set": 34, 
        "gym_session": 9, 
        "weight_in_lbs": 106.0, 
        "set_type": "S", 
        "num_reps_completed": 8
    }
},
{
    "pk": 93, 
    "model": "base.completedset", 
    "fields": {
        "workout_set": 36, 
        "gym_session": 9, 
        "weight_in_lbs": 122.0, 
        "set_type": "S", 
        "num_reps_completed": 8
    }
},
{
    "pk": 94, 
    "model": "base.completedset", 
    "fields": {
        "workout_set": 37, 
        "gym_session": 9, 
        "weight_in_lbs": 137.0, 
        "set_type": "S", 
        "num_reps_completed": 8
    }
},
{
    "pk": 95, 
    "model": "base.completedset", 
    "fields": {
        "workout_set": 39, 
        "gym_session": 9, 
        "weight_in_lbs": 131.0, 
        "set_type": "S", 
        "num_reps_completed": 8
    }
},
{
    "pk": 96, 
    "model": "base.completedset", 
    "fields": {
        "workout_set": 41, 
        "gym_session": 9, 
        "weight_in_lbs": 53.0, 
        "set_type": "S", 
        "num_reps_completed": 8
    }
},
{
    "pk": 97, 
    "model": "base.completedset", 
    "fields": {
        "workout_set": 42, 
        "gym_session": 9, 
        "weight_in_lbs": 56.0, 
        "set_type": "S", 
        "num_reps_completed": 8
    }
},
{
    "pk": 98, 
    "model": "base.completedset", 
    "fields": {
        "workout_set": 1, 
        "gym_session": 10, 
        "weight_in_lbs": 110.0, 
        "set_type": "S", 
        "num_reps_completed": 8
    }
},
{
    "pk": 99, 
    "model": "base.completedset", 
    "fields": {
        "workout_set": 2, 
        "gym_session": 10, 
        "weight_in_lbs": 126.0, 
        "set_type": "S", 
        "num_reps_completed": 8
    }
},
{
    "pk": 100, 
    "model": "base.completedset", 
    "fields": {
        "workout_set": 4, 
        "gym_session": 10, 
        "weight_in_lbs": 109.0, 
        "set_type": "S", 
        "num_reps_completed": 8
    }
},
{
    "pk": 101, 
    "model": "base.completedset", 
    "fields": {
        "workout_set": 5, 
        "gym_session": 10, 
        "weight_in_lbs": 136.0, 
        "set_type": "S", 
        "num_reps_completed": 8
    }
},
{
    "pk": 102, 
    "model": "base.completedset", 
    "fields": {
        "workout_set": 6, 
        "gym_session": 10, 
        "weight_in_lbs": 55.0, 
        "set_type": "S", 
        "num_reps_completed": 8
    }
},
{
    "pk": 103, 
    "model": "base.completedset", 
    "fields": {
        "workout_set": 10, 
        "gym_session": 10, 
        "weight_in_lbs": 92.0, 
        "set_type": "S", 
        "num_reps_completed": 8
    }
},
{
    "pk": 104, 
    "model": "base.completedset", 
    "fields": {
        "workout_set": 11, 
        "gym_session": 10, 
        "weight_in_lbs": 62.0, 
        "set_type": "S", 
        "num_reps_completed": 8
    }
},
{
    "pk": 105, 
    "model": "base.completedset", 
    "fields": {
        "workout_set": 12, 
        "gym_session": 10, 
        "weight_in_lbs": 87.0, 
        "set_type": "S", 
        "num_reps_completed": 8
    }
},
{
    "pk": 106, 
    "model": "base.completedset", 
    "fields": {
        "workout_set": 13, 
        "gym_session": 10, 
        "weight_in_lbs": 55.0, 
        "set_type": "S", 
        "num_reps_completed": 8
    }
},
{
    "pk": 107, 
    "model": "base.completedset", 
    "fields": {
        "workout_set": 15, 
        "gym_session": 11, 
        "weight_in_lbs": 87.0, 
        "set_type": "S", 
        "num_reps_completed": 8
    }
},
{
    "pk": 108, 
    "model": "base.completedset", 
    "fields": {
        "workout_set": 16, 
        "gym_session": 11, 
        "weight_in_lbs": 52.0, 
        "set_type": "S", 
        "num_reps_completed": 8
    }
},
{
    "pk": 109, 
    "model": "base.completedset", 
    "fields": {
        "workout_set": 17, 
        "gym_session": 11, 
        "weight_in_lbs": 124.0, 
        "set_type": "S", 
        "num_reps_completed": 8
    }
},
{
    "pk": 110, 
    "model": "base.completedset", 
    "fields": {
        "workout_set": 18, 
        "gym_session": 11, 
        "weight_in_lbs": 65.0, 
        "set_type": "S", 
        "num_reps_completed": 8
    }
},
{
    "pk": 111, 
    "model": "base.completedset", 
    "fields": {
        "workout_set": 20, 
        "gym_session": 11, 
        "weight_in_lbs": 150.0, 
        "set_type": "S", 
        "num_reps_completed": 8
    }
},
{
    "pk": 112, 
    "model": "base.completedset", 
    "fields": {
        "workout_set": 21, 
        "gym_session": 11, 
        "weight_in_lbs": 70.0, 
        "set_type": "S", 
        "num_reps_completed": 8
    }
},
{
    "pk": 113, 
    "model": "base.completedset", 
    "fields": {
        "workout_set": 22, 
        "gym_session": 11, 
        "weight_in_lbs": 104.0, 
        "set_type": "S", 
        "num_reps_completed": 8
    }
},
{
    "pk": 114, 
    "model": "base.completedset", 
    "fields": {
        "workout_set": 23, 
        "gym_session": 11, 
        "weight_in_lbs": 133.0, 
        "set_type": "S", 
        "num_reps_completed": 8
    }
},
{
    "pk": 115, 
    "model": "base.completedset", 
    "fields": {
        "workout_set": 27, 
        "gym_session": 11, 
        "weight_in_lbs": 118.0, 
        "set_type": "S", 
        "num_reps_completed": 8
    }
},
{
    "pk": 116, 
    "model": "base.completedset", 
    "fields": {
        "workout_set": 1, 
        "gym_session": 12, 
        "weight_in_lbs": 90.0, 
        "set_type": "S", 
        "num_reps_completed": 8
    }
},
{
    "pk": 117, 
    "model": "base.completedset", 
    "fields": {
        "workout_set": 2, 
        "gym_session": 12, 
        "weight_in_lbs": 72.0, 
        "set_type": "S", 
        "num_reps_completed": 8
    }
},
{
    "pk": 118, 
    "model": "base.completedset", 
    "fields": {
        "workout_set": 3, 
        "gym_session": 12, 
        "weight_in_lbs": 102.0, 
        "set_type": "S", 
        "num_reps_completed": 8
    }
},
{
    "pk": 119, 
    "model": "base.completedset", 
    "fields": {
        "workout_set": 4, 
        "gym_session": 12, 
        "weight_in_lbs": 94.0, 
        "set_type": "S", 
        "num_reps_completed": 8
    }
},
{
    "pk": 120, 
    "model": "base.completedset", 
    "fields": {
        "workout_set": 5, 
        "gym_session": 12, 
        "weight_in_lbs": 149.0, 
        "set_type": "S", 
        "num_reps_completed": 8
    }
},
{
    "pk": 121, 
    "model": "base.completedset", 
    "fields": {
        "workout_set": 6, 
        "gym_session": 12, 
        "weight_in_lbs": 86.0, 
        "set_type": "S", 
        "num_reps_completed": 8
    }
},
{
    "pk": 122, 
    "model": "base.completedset", 
    "fields": {
        "workout_set": 8, 
        "gym_session": 12, 
        "weight_in_lbs": 113.0, 
        "set_type": "S", 
        "num_reps_completed": 8
    }
},
{
    "pk": 123, 
    "model": "base.completedset", 
    "fields": {
        "workout_set": 9, 
        "gym_session": 12, 
        "weight_in_lbs": 124.0, 
        "set_type": "S", 
        "num_reps_completed": 8
    }
},
{
    "pk": 124, 
    "model": "base.completedset", 
    "fields": {
        "workout_set": 10, 
        "gym_session": 12, 
        "weight_in_lbs": 101.0, 
        "set_type": "S", 
        "num_reps_completed": 8
    }
},
{
    "pk": 125, 
    "model": "base.completedset", 
    "fields": {
        "workout_set": 11, 
        "gym_session": 12, 
        "weight_in_lbs": 106.0, 
        "set_type": "S", 
        "num_reps_completed": 8
    }
},
{
    "pk": 126, 
    "model": "base.completedset", 
    "fields": {
        "workout_set": 12, 
        "gym_session": 12, 
        "weight_in_lbs": 118.0, 
        "set_type": "S", 
        "num_reps_completed": 8
    }
},
{
    "pk": 127, 
    "model": "base.completedset", 
    "fields": {
        "workout_set": 13, 
        "gym_session": 12, 
        "weight_in_lbs": 121.0, 
        "set_type": "S", 
        "num_reps_completed": 8
    }
},
{
    "pk": 128, 
    "model": "base.completedset", 
    "fields": {
        "workout_set": 1, 
        "gym_session": 13, 
        "weight_in_lbs": 77.0, 
        "set_type": "S", 
        "num_reps_completed": 8
    }
},
{
    "pk": 129, 
    "model": "base.completedset", 
    "fields": {
        "workout_set": 3, 
        "gym_session": 13, 
        "weight_in_lbs": 146.0, 
        "set_type": "S", 
        "num_reps_completed": 8
    }
},
{
    "pk": 130, 
    "model": "base.completedset", 
    "fields": {
        "workout_set": 4, 
        "gym_session": 13, 
        "weight_in_lbs": 51.0, 
        "set_type": "S", 
        "num_reps_completed": 8
    }
},
{
    "pk": 131, 
    "model": "base.completedset", 
    "fields": {
        "workout_set": 5, 
        "gym_session": 13, 
        "weight_in_lbs": 82.0, 
        "set_type": "S", 
        "num_reps_completed": 8
    }
},
{
    "pk": 132, 
    "model": "base.completedset", 
    "fields": {
        "workout_set": 6, 
        "gym_session": 13, 
        "weight_in_lbs": 88.0, 
        "set_type": "S", 
        "num_reps_completed": 8
    }
},
{
    "pk": 133, 
    "model": "base.completedset", 
    "fields": {
        "workout_set": 7, 
        "gym_session": 13, 
        "weight_in_lbs": 78.0, 
        "set_type": "S", 
        "num_reps_completed": 8
    }
},
{
    "pk": 134, 
    "model": "base.completedset", 
    "fields": {
        "workout_set": 8, 
        "gym_session": 13, 
        "weight_in_lbs": 150.0, 
        "set_type": "S", 
        "num_reps_completed": 8
    }
},
{
    "pk": 135, 
    "model": "base.completedset", 
    "fields": {
        "workout_set": 9, 
        "gym_session": 13, 
        "weight_in_lbs": 121.0, 
        "set_type": "S", 
        "num_reps_completed": 8
    }
},
{
    "pk": 136, 
    "model": "base.completedset", 
    "fields": {
        "workout_set": 10, 
        "gym_session": 13, 
        "weight_in_lbs": 102.0, 
        "set_type": "S", 
        "num_reps_completed": 8
    }
},
{
    "pk": 137, 
    "model": "base.completedset", 
    "fields": {
        "workout_set": 11, 
        "gym_session": 13, 
        "weight_in_lbs": 75.0, 
        "set_type": "S", 
        "num_reps_completed": 8
    }
},
{
    "pk": 138, 
    "model": "base.completedset", 
    "fields": {
        "workout_set": 13, 
        "gym_session": 13, 
        "weight_in_lbs": 116.0, 
        "set_type": "S", 
        "num_reps_completed": 8
    }
},
{
    "pk": 139, 
    "model": "base.completedset", 
    "fields": {
        "workout_set": 15, 
        "gym_session": 14, 
        "weight_in_lbs": 98.0, 
        "set_type": "S", 
        "num_reps_completed": 8
    }
},
{
    "pk": 140, 
    "model": "base.completedset", 
    "fields": {
        "workout_set": 16, 
        "gym_session": 14, 
        "weight_in_lbs": 146.0, 
        "set_type": "S", 
        "num_reps_completed": 8
    }
},
{
    "pk": 141, 
    "model": "base.completedset", 
    "fields": {
        "workout_set": 17, 
        "gym_session": 14, 
        "weight_in_lbs": 61.0, 
        "set_type": "S", 
        "num_reps_completed": 8
    }
},
{
    "pk": 142, 
    "model": "base.completedset", 
    "fields": {
        "workout_set": 18, 
        "gym_session": 14, 
        "weight_in_lbs": 130.0, 
        "set_type": "S", 
        "num_reps_completed": 8
    }
},
{
    "pk": 143, 
    "model": "base.completedset", 
    "fields": {
        "workout_set": 19, 
        "gym_session": 14, 
        "weight_in_lbs": 76.0, 
        "set_type": "S", 
        "num_reps_completed": 8
    }
},
{
    "pk": 144, 
    "model": "base.completedset", 
    "fields": {
        "workout_set": 20, 
        "gym_session": 14, 
        "weight_in_lbs": 147.0, 
        "set_type": "S", 
        "num_reps_completed": 8
    }
},
{
    "pk": 145, 
    "model": "base.completedset", 
    "fields": {
        "workout_set": 22, 
        "gym_session": 14, 
        "weight_in_lbs": 57.0, 
        "set_type": "S", 
        "num_reps_completed": 8
    }
},
{
    "pk": 146, 
    "model": "base.completedset", 
    "fields": {
        "workout_set": 23, 
        "gym_session": 14, 
        "weight_in_lbs": 81.0, 
        "set_type": "S", 
        "num_reps_completed": 8
    }
},
{
    "pk": 147, 
    "model": "base.completedset", 
    "fields": {
        "workout_set": 24, 
        "gym_session": 14, 
        "weight_in_lbs": 77.0, 
        "set_type": "S", 
        "num_reps_completed": 8
    }
},
{
    "pk": 148, 
    "model": "base.completedset", 
    "fields": {
        "workout_set": 25, 
        "gym_session": 14, 
        "weight_in_lbs": 92.0, 
        "set_type": "S", 
        "num_reps_completed": 8
    }
},
{
    "pk": 149, 
    "model": "base.completedset", 
    "fields": {
        "workout_set": 26, 
        "gym_session": 14, 
        "weight_in_lbs": 102.0, 
        "set_type": "S", 
        "num_reps_completed": 8
    }
},
{
    "pk": 150, 
    "model": "base.completedset", 
    "fields": {
        "workout_set": 27, 
        "gym_session": 14, 
        "weight_in_lbs": 76.0, 
        "set_type": "S", 
        "num_reps_completed": 8
    }
},
{
    "pk": 151, 
    "model": "base.completedset", 
    "fields": {
        "workout_set": 29, 
        "gym_session": 15, 
        "weight_in_lbs": 147.0, 
        "set_type": "S", 
        "num_reps_completed": 8
    }
},
{
    "pk": 152, 
    "model": "base.completedset", 
    "fields": {
        "workout_set": 30, 
        "gym_session": 15, 
        "weight_in_lbs": 130.0, 
        "set_type": "S", 
        "num_reps_completed": 8
    }
},
{
    "pk": 153, 
    "model": "base.completedset", 
    "fields": {
        "workout_set": 31, 
        "gym_session": 15, 
        "weight_in_lbs": 123.0, 
        "set_type": "S", 
        "num_reps_completed": 8
    }
},
{
    "pk": 154, 
    "model": "base.completedset", 
    "fields": {
        "workout_set": 32, 
        "gym_session": 15, 
        "weight_in_lbs": 98.0, 
        "set_type": "S", 
        "num_reps_completed": 8
    }
},
{
    "pk": 155, 
    "model": "base.completedset", 
    "fields": {
        "workout_set": 33, 
        "gym_session": 15, 
        "weight_in_lbs": 140.0, 
        "set_type": "S", 
        "num_reps_completed": 8
    }
},
{
    "pk": 156, 
    "model": "base.completedset", 
    "fields": {
        "workout_set": 35, 
        "gym_session": 15, 
        "weight_in_lbs": 108.0, 
        "set_type": "S", 
        "num_reps_completed": 8
    }
},
{
    "pk": 157, 
    "model": "base.completedset", 
    "fields": {
        "workout_set": 36, 
        "gym_session": 15, 
        "weight_in_lbs": 138.0, 
        "set_type": "S", 
        "num_reps_completed": 8
    }
},
{
    "pk": 158, 
    "model": "base.completedset", 
    "fields": {
        "workout_set": 37, 
        "gym_session": 15, 
        "weight_in_lbs": 52.0, 
        "set_type": "S", 
        "num_reps_completed": 8
    }
},
{
    "pk": 159, 
    "model": "base.completedset", 
    "fields": {
        "workout_set": 38, 
        "gym_session": 15, 
        "weight_in_lbs": 63.0, 
        "set_type": "S", 
        "num_reps_completed": 8
    }
},
{
    "pk": 160, 
    "model": "base.completedset", 
    "fields": {
        "workout_set": 39, 
        "gym_session": 15, 
        "weight_in_lbs": 131.0, 
        "set_type": "S", 
        "num_reps_completed": 8
    }
},
{
    "pk": 161, 
    "model": "base.completedset", 
    "fields": {
        "workout_set": 40, 
        "gym_session": 15, 
        "weight_in_lbs": 114.0, 
        "set_type": "S", 
        "num_reps_completed": 8
    }
},
{
    "pk": 162, 
    "model": "base.completedset", 
    "fields": {
        "workout_set": 41, 
        "gym_session": 15, 
        "weight_in_lbs": 145.0, 
        "set_type": "S", 
        "num_reps_completed": 8
    }
},
{
    "pk": 163, 
    "model": "base.completedset", 
    "fields": {
        "workout_set": 42, 
        "gym_session": 15, 
        "weight_in_lbs": 130.0, 
        "set_type": "S", 
        "num_reps_completed": 8
    }
},
{
    "pk": 164, 
    "model": "base.completedset", 
    "fields": {
        "workout_set": 15, 
        "gym_session": 16, 
        "weight_in_lbs": 131.0, 
        "set_type": "S", 
        "num_reps_completed": 8
    }
},
{
    "pk": 165, 
    "model": "base.completedset", 
    "fields": {
        "workout_set": 16, 
        "gym_session": 16, 
        "weight_in_lbs": 129.0, 
        "set_type": "S", 
        "num_reps_completed": 8
    }
},
{
    "pk": 166, 
    "model": "base.completedset", 
    "fields": {
        "workout_set": 20, 
        "gym_session": 16, 
        "weight_in_lbs": 90.0, 
        "set_type": "S", 
        "num_reps_completed": 8
    }
},
{
    "pk": 167, 
    "model": "base.completedset", 
    "fields": {
        "workout_set": 22, 
        "gym_session": 16, 
        "weight_in_lbs": 70.0, 
        "set_type": "S", 
        "num_reps_completed": 8
    }
},
{
    "pk": 168, 
    "model": "base.completedset", 
    "fields": {
        "workout_set": 23, 
        "gym_session": 16, 
        "weight_in_lbs": 94.0, 
        "set_type": "S", 
        "num_reps_completed": 8
    }
},
{
    "pk": 169, 
    "model": "base.completedset", 
    "fields": {
        "workout_set": 24, 
        "gym_session": 16, 
        "weight_in_lbs": 79.0, 
        "set_type": "S", 
        "num_reps_completed": 8
    }
},
{
    "pk": 170, 
    "model": "base.completedset", 
    "fields": {
        "workout_set": 25, 
        "gym_session": 16, 
        "weight_in_lbs": 126.0, 
        "set_type": "S", 
        "num_reps_completed": 8
    }
},
{
    "pk": 171, 
    "model": "base.completedset", 
    "fields": {
        "workout_set": 26, 
        "gym_session": 16, 
        "weight_in_lbs": 65.0, 
        "set_type": "S", 
        "num_reps_completed": 8
    }
},
{
    "pk": 172, 
    "model": "base.completedset", 
    "fields": {
        "workout_set": 28, 
        "gym_session": 16, 
        "weight_in_lbs": 68.0, 
        "set_type": "S", 
        "num_reps_completed": 8
    }
},
{
    "pk": 173, 
    "model": "base.completedset", 
    "fields": {
        "workout_set": 15, 
        "gym_session": 17, 
        "weight_in_lbs": 65.0, 
        "set_type": "S", 
        "num_reps_completed": 8
    }
},
{
    "pk": 174, 
    "model": "base.completedset", 
    "fields": {
        "workout_set": 16, 
        "gym_session": 17, 
        "weight_in_lbs": 67.0, 
        "set_type": "S", 
        "num_reps_completed": 8
    }
},
{
    "pk": 175, 
    "model": "base.completedset", 
    "fields": {
        "workout_set": 17, 
        "gym_session": 17, 
        "weight_in_lbs": 135.0, 
        "set_type": "S", 
        "num_reps_completed": 8
    }
},
{
    "pk": 176, 
    "model": "base.completedset", 
    "fields": {
        "workout_set": 20, 
        "gym_session": 17, 
        "weight_in_lbs": 108.0, 
        "set_type": "S", 
        "num_reps_completed": 8
    }
},
{
    "pk": 177, 
    "model": "base.completedset", 
    "fields": {
        "workout_set": 21, 
        "gym_session": 17, 
        "weight_in_lbs": 143.0, 
        "set_type": "S", 
        "num_reps_completed": 8
    }
},
{
    "pk": 178, 
    "model": "base.completedset", 
    "fields": {
        "workout_set": 22, 
        "gym_session": 17, 
        "weight_in_lbs": 75.0, 
        "set_type": "S", 
        "num_reps_completed": 8
    }
},
{
    "pk": 179, 
    "model": "base.completedset", 
    "fields": {
        "workout_set": 24, 
        "gym_session": 17, 
        "weight_in_lbs": 114.0, 
        "set_type": "S", 
        "num_reps_completed": 8
    }
},
{
    "pk": 180, 
    "model": "base.completedset", 
    "fields": {
        "workout_set": 25, 
        "gym_session": 17, 
        "weight_in_lbs": 74.0, 
        "set_type": "S", 
        "num_reps_completed": 8
    }
},
{
    "pk": 181, 
    "model": "base.completedset", 
    "fields": {
        "workout_set": 26, 
        "gym_session": 17, 
        "weight_in_lbs": 134.0, 
        "set_type": "S", 
        "num_reps_completed": 8
    }
},
{
    "pk": 182, 
    "model": "base.completedset", 
    "fields": {
        "workout_set": 27, 
        "gym_session": 17, 
        "weight_in_lbs": 112.0, 
        "set_type": "S", 
        "num_reps_completed": 8
    }
},
{
    "pk": 183, 
    "model": "base.completedset", 
    "fields": {
        "workout_set": 28, 
        "gym_session": 17, 
        "weight_in_lbs": 69.0, 
        "set_type": "S", 
        "num_reps_completed": 8
    }
},
{
    "pk": 184, 
    "model": "base.completedset", 
    "fields": {
        "workout_set": 29, 
        "gym_session": 18, 
        "weight_in_lbs": 109.0, 
        "set_type": "S", 
        "num_reps_completed": 8
    }
},
{
    "pk": 185, 
    "model": "base.completedset", 
    "fields": {
        "workout_set": 30, 
        "gym_session": 18, 
        "weight_in_lbs": 110.0, 
        "set_type": "S", 
        "num_reps_completed": 8
    }
},
{
    "pk": 186, 
    "model": "base.completedset", 
    "fields": {
        "workout_set": 31, 
        "gym_session": 18, 
        "weight_in_lbs": 88.0, 
        "set_type": "S", 
        "num_reps_completed": 8
    }
},
{
    "pk": 187, 
    "model": "base.completedset", 
    "fields": {
        "workout_set": 33, 
        "gym_session": 18, 
        "weight_in_lbs": 63.0, 
        "set_type": "S", 
        "num_reps_completed": 8
    }
},
{
    "pk": 188, 
    "model": "base.completedset", 
    "fields": {
        "workout_set": 34, 
        "gym_session": 18, 
        "weight_in_lbs": 124.0, 
        "set_type": "S", 
        "num_reps_completed": 8
    }
},
{
    "pk": 189, 
    "model": "base.completedset", 
    "fields": {
        "workout_set": 35, 
        "gym_session": 18, 
        "weight_in_lbs": 116.0, 
        "set_type": "S", 
        "num_reps_completed": 8
    }
},
{
    "pk": 190, 
    "model": "base.completedset", 
    "fields": {
        "workout_set": 38, 
        "gym_session": 18, 
        "weight_in_lbs": 78.0, 
        "set_type": "S", 
        "num_reps_completed": 8
    }
},
{
    "pk": 191, 
    "model": "base.completedset", 
    "fields": {
        "workout_set": 40, 
        "gym_session": 18, 
        "weight_in_lbs": 134.0, 
        "set_type": "S", 
        "num_reps_completed": 8
    }
},
{
    "pk": 192, 
    "model": "base.completedset", 
    "fields": {
        "workout_set": 41, 
        "gym_session": 18, 
        "weight_in_lbs": 142.0, 
        "set_type": "S", 
        "num_reps_completed": 8
    }
},
{
    "pk": 193, 
    "model": "base.completedset", 
    "fields": {
        "workout_set": 42, 
        "gym_session": 18, 
        "weight_in_lbs": 70.0, 
        "set_type": "S", 
        "num_reps_completed": 8
    }
},
{
    "pk": 194, 
    "model": "base.completedset", 
    "fields": {
        "workout_set": 29, 
        "gym_session": 19, 
        "weight_in_lbs": 148.0, 
        "set_type": "S", 
        "num_reps_completed": 8
    }
},
{
    "pk": 195, 
    "model": "base.completedset", 
    "fields": {
        "workout_set": 30, 
        "gym_session": 19, 
        "weight_in_lbs": 132.0, 
        "set_type": "S", 
        "num_reps_completed": 8
    }
},
{
    "pk": 196, 
    "model": "base.completedset", 
    "fields": {
        "workout_set": 32, 
        "gym_session": 19, 
        "weight_in_lbs": 144.0, 
        "set_type": "S", 
        "num_reps_completed": 8
    }
},
{
    "pk": 197, 
    "model": "base.completedset", 
    "fields": {
        "workout_set": 33, 
        "gym_session": 19, 
        "weight_in_lbs": 116.0, 
        "set_type": "S", 
        "num_reps_completed": 8
    }
},
{
    "pk": 198, 
    "model": "base.completedset", 
    "fields": {
        "workout_set": 38, 
        "gym_session": 19, 
        "weight_in_lbs": 116.0, 
        "set_type": "S", 
        "num_reps_completed": 8
    }
},
{
    "pk": 199, 
    "model": "base.completedset", 
    "fields": {
        "workout_set": 40, 
        "gym_session": 19, 
        "weight_in_lbs": 104.0, 
        "set_type": "S", 
        "num_reps_completed": 8
    }
},
{
    "pk": 200, 
    "model": "base.completedset", 
    "fields": {
        "workout_set": 41, 
        "gym_session": 19, 
        "weight_in_lbs": 60.0, 
        "set_type": "S", 
        "num_reps_completed": 8
    }
},
{
    "pk": 201, 
    "model": "base.completedset", 
    "fields": {
        "workout_set": 42, 
        "gym_session": 19, 
        "weight_in_lbs": 139.0, 
        "set_type": "S", 
        "num_reps_completed": 8
    }
},
{
    "pk": 202, 
    "model": "base.completedset", 
    "fields": {
        "workout_set": 15, 
        "gym_session": 20, 
        "weight_in_lbs": 118.0, 
        "set_type": "S", 
        "num_reps_completed": 8
    }
},
{
    "pk": 203, 
    "model": "base.completedset", 
    "fields": {
        "workout_set": 16, 
        "gym_session": 20, 
        "weight_in_lbs": 74.0, 
        "set_type": "S", 
        "num_reps_completed": 8
    }
},
{
    "pk": 204, 
    "model": "base.completedset", 
    "fields": {
        "workout_set": 17, 
        "gym_session": 20, 
        "weight_in_lbs": 70.0, 
        "set_type": "S", 
        "num_reps_completed": 8
    }
},
{
    "pk": 205, 
    "model": "base.completedset", 
    "fields": {
        "workout_set": 18, 
        "gym_session": 20, 
        "weight_in_lbs": 57.0, 
        "set_type": "S", 
        "num_reps_completed": 8
    }
},
{
    "pk": 206, 
    "model": "base.completedset", 
    "fields": {
        "workout_set": 20, 
        "gym_session": 20, 
        "weight_in_lbs": 57.0, 
        "set_type": "S", 
        "num_reps_completed": 8
    }
},
{
    "pk": 207, 
    "model": "base.completedset", 
    "fields": {
        "workout_set": 22, 
        "gym_session": 20, 
        "weight_in_lbs": 88.0, 
        "set_type": "S", 
        "num_reps_completed": 8
    }
},
{
    "pk": 208, 
    "model": "base.completedset", 
    "fields": {
        "workout_set": 23, 
        "gym_session": 20, 
        "weight_in_lbs": 52.0, 
        "set_type": "S", 
        "num_reps_completed": 8
    }
},
{
    "pk": 209, 
    "model": "base.completedset", 
    "fields": {
        "workout_set": 24, 
        "gym_session": 20, 
        "weight_in_lbs": 96.0, 
        "set_type": "S", 
        "num_reps_completed": 8
    }
},
{
    "pk": 210, 
    "model": "base.completedset", 
    "fields": {
        "workout_set": 25, 
        "gym_session": 20, 
        "weight_in_lbs": 149.0, 
        "set_type": "S", 
        "num_reps_completed": 8
    }
},
{
    "pk": 211, 
    "model": "base.completedset", 
    "fields": {
        "workout_set": 26, 
        "gym_session": 20, 
        "weight_in_lbs": 80.0, 
        "set_type": "S", 
        "num_reps_completed": 8
    }
},
{
    "pk": 212, 
    "model": "base.completedset", 
    "fields": {
        "workout_set": 27, 
        "gym_session": 20, 
        "weight_in_lbs": 94.0, 
        "set_type": "S", 
        "num_reps_completed": 8
    }
},
{
    "pk": 213, 
    "model": "base.completedset", 
    "fields": {
        "workout_set": 29, 
        "gym_session": 21, 
        "weight_in_lbs": 143.0, 
        "set_type": "S", 
        "num_reps_completed": 8
    }
},
{
    "pk": 214, 
    "model": "base.completedset", 
    "fields": {
        "workout_set": 31, 
        "gym_session": 21, 
        "weight_in_lbs": 126.0, 
        "set_type": "S", 
        "num_reps_completed": 8
    }
},
{
    "pk": 215, 
    "model": "base.completedset", 
    "fields": {
        "workout_set": 32, 
        "gym_session": 21, 
        "weight_in_lbs": 78.0, 
        "set_type": "S", 
        "num_reps_completed": 8
    }
},
{
    "pk": 216, 
    "model": "base.completedset", 
    "fields": {
        "workout_set": 33, 
        "gym_session": 21, 
        "weight_in_lbs": 138.0, 
        "set_type": "S", 
        "num_reps_completed": 8
    }
},
{
    "pk": 217, 
    "model": "base.completedset", 
    "fields": {
        "workout_set": 35, 
        "gym_session": 21, 
        "weight_in_lbs": 72.0, 
        "set_type": "S", 
        "num_reps_completed": 8
    }
},
{
    "pk": 218, 
    "model": "base.completedset", 
    "fields": {
        "workout_set": 37, 
        "gym_session": 21, 
        "weight_in_lbs": 136.0, 
        "set_type": "S", 
        "num_reps_completed": 8
    }
},
{
    "pk": 219, 
    "model": "base.completedset", 
    "fields": {
        "workout_set": 38, 
        "gym_session": 21, 
        "weight_in_lbs": 148.0, 
        "set_type": "S", 
        "num_reps_completed": 8
    }
},
{
    "pk": 220, 
    "model": "base.completedset", 
    "fields": {
        "workout_set": 39, 
        "gym_session": 21, 
        "weight_in_lbs": 93.0, 
        "set_type": "S", 
        "num_reps_completed": 8
    }
},
{
    "pk": 221, 
    "model": "base.completedset", 
    "fields": {
        "workout_set": 40, 
        "gym_session": 21, 
        "weight_in_lbs": 139.0, 
        "set_type": "S", 
        "num_reps_completed": 8
    }
},
{
    "pk": 222, 
    "model": "base.completedset", 
    "fields": {
        "workout_set": 41, 
        "gym_session": 21, 
        "weight_in_lbs": 126.0, 
        "set_type": "S", 
        "num_reps_completed": 8
    }
},
{
    "pk": 223, 
    "model": "base.completedset", 
    "fields": {
        "workout_set": 1, 
        "gym_session": 22, 
        "weight_in_lbs": 106.0, 
        "set_type": "S", 
        "num_reps_completed": 8
    }
},
{
    "pk": 224, 
    "model": "base.completedset", 
    "fields": {
        "workout_set": 2, 
        "gym_session": 22, 
        "weight_in_lbs": 58.0, 
        "set_type": "S", 
        "num_reps_completed": 8
    }
},
{
    "pk": 225, 
    "model": "base.completedset", 
    "fields": {
        "workout_set": 3, 
        "gym_session": 22, 
        "weight_in_lbs": 82.0, 
        "set_type": "S", 
        "num_reps_completed": 8
    }
},
{
    "pk": 226, 
    "model": "base.completedset", 
    "fields": {
        "workout_set": 8, 
        "gym_session": 22, 
        "weight_in_lbs": 88.0, 
        "set_type": "S", 
        "num_reps_completed": 8
    }
},
{
    "pk": 227, 
    "model": "base.completedset", 
    "fields": {
        "workout_set": 9, 
        "gym_session": 22, 
        "weight_in_lbs": 83.0, 
        "set_type": "S", 
        "num_reps_completed": 8
    }
},
{
    "pk": 228, 
    "model": "base.completedset", 
    "fields": {
        "workout_set": 10, 
        "gym_session": 22, 
        "weight_in_lbs": 85.0, 
        "set_type": "S", 
        "num_reps_completed": 8
    }
},
{
    "pk": 229, 
    "model": "base.completedset", 
    "fields": {
        "workout_set": 11, 
        "gym_session": 22, 
        "weight_in_lbs": 63.0, 
        "set_type": "S", 
        "num_reps_completed": 8
    }
},
{
    "pk": 230, 
    "model": "base.completedset", 
    "fields": {
        "workout_set": 12, 
        "gym_session": 22, 
        "weight_in_lbs": 134.0, 
        "set_type": "S", 
        "num_reps_completed": 8
    }
},
{
    "pk": 231, 
    "model": "base.completedset", 
    "fields": {
        "workout_set": 13, 
        "gym_session": 22, 
        "weight_in_lbs": 116.0, 
        "set_type": "S", 
        "num_reps_completed": 8
    }
},
{
    "pk": 232, 
    "model": "base.completedset", 
    "fields": {
        "workout_set": 14, 
        "gym_session": 22, 
        "weight_in_lbs": 118.0, 
        "set_type": "S", 
        "num_reps_completed": 8
    }
},
{
    "pk": 233, 
    "model": "base.completedset", 
    "fields": {
        "workout_set": 2, 
        "gym_session": 23, 
        "weight_in_lbs": 119.0, 
        "set_type": "S", 
        "num_reps_completed": 8
    }
},
{
    "pk": 234, 
    "model": "base.completedset", 
    "fields": {
        "workout_set": 4, 
        "gym_session": 23, 
        "weight_in_lbs": 64.0, 
        "set_type": "S", 
        "num_reps_completed": 8
    }
},
{
    "pk": 235, 
    "model": "base.completedset", 
    "fields": {
        "workout_set": 5, 
        "gym_session": 23, 
        "weight_in_lbs": 126.0, 
        "set_type": "S", 
        "num_reps_completed": 8
    }
},
{
    "pk": 236, 
    "model": "base.completedset", 
    "fields": {
        "workout_set": 6, 
        "gym_session": 23, 
        "weight_in_lbs": 69.0, 
        "set_type": "S", 
        "num_reps_completed": 8
    }
},
{
    "pk": 237, 
    "model": "base.completedset", 
    "fields": {
        "workout_set": 7, 
        "gym_session": 23, 
        "weight_in_lbs": 79.0, 
        "set_type": "S", 
        "num_reps_completed": 8
    }
},
{
    "pk": 238, 
    "model": "base.completedset", 
    "fields": {
        "workout_set": 8, 
        "gym_session": 23, 
        "weight_in_lbs": 66.0, 
        "set_type": "S", 
        "num_reps_completed": 8
    }
},
{
    "pk": 239, 
    "model": "base.completedset", 
    "fields": {
        "workout_set": 9, 
        "gym_session": 23, 
        "weight_in_lbs": 136.0, 
        "set_type": "S", 
        "num_reps_completed": 8
    }
},
{
    "pk": 240, 
    "model": "base.completedset", 
    "fields": {
        "workout_set": 10, 
        "gym_session": 23, 
        "weight_in_lbs": 87.0, 
        "set_type": "S", 
        "num_reps_completed": 8
    }
},
{
    "pk": 241, 
    "model": "base.completedset", 
    "fields": {
        "workout_set": 11, 
        "gym_session": 23, 
        "weight_in_lbs": 72.0, 
        "set_type": "S", 
        "num_reps_completed": 8
    }
},
{
    "pk": 242, 
    "model": "base.completedset", 
    "fields": {
        "workout_set": 12, 
        "gym_session": 23, 
        "weight_in_lbs": 134.0, 
        "set_type": "S", 
        "num_reps_completed": 8
    }
},
{
    "pk": 243, 
    "model": "base.completedset", 
    "fields": {
        "workout_set": 13, 
        "gym_session": 23, 
        "weight_in_lbs": 133.0, 
        "set_type": "S", 
        "num_reps_completed": 8
    }
},
{
    "pk": 244, 
    "model": "base.completedset", 
    "fields": {
        "workout_set": 829, 
        "gym_session": 24, 
        "weight_in_lbs": 84.0, 
        "set_type": "S", 
        "num_reps_completed": 8
    }
},
{
    "pk": 245, 
    "model": "base.completedset", 
    "fields": {
        "workout_set": 830, 
        "gym_session": 24, 
        "weight_in_lbs": 71.0, 
        "set_type": "S", 
        "num_reps_completed": 8
    }
},
{
    "pk": 246, 
    "model": "base.completedset", 
    "fields": {
        "workout_set": 831, 
        "gym_session": 24, 
        "weight_in_lbs": 137.0, 
        "set_type": "S", 
        "num_reps_completed": 8
    }
},
{
    "pk": 247, 
    "model": "base.completedset", 
    "fields": {
        "workout_set": 833, 
        "gym_session": 24, 
        "weight_in_lbs": 134.0, 
        "set_type": "S", 
        "num_reps_completed": 8
    }
},
{
    "pk": 248, 
    "model": "base.completedset", 
    "fields": {
        "workout_set": 835, 
        "gym_session": 24, 
        "weight_in_lbs": 119.0, 
        "set_type": "S", 
        "num_reps_completed": 8
    }
},
{
    "pk": 249, 
    "model": "base.completedset", 
    "fields": {
        "workout_set": 836, 
        "gym_session": 24, 
        "weight_in_lbs": 132.0, 
        "set_type": "S", 
        "num_reps_completed": 8
    }
},
{
    "pk": 250, 
    "model": "base.completedset", 
    "fields": {
        "workout_set": 837, 
        "gym_session": 24, 
        "weight_in_lbs": 144.0, 
        "set_type": "S", 
        "num_reps_completed": 8
    }
},
{
    "pk": 251, 
    "model": "base.completedset", 
    "fields": {
        "workout_set": 838, 
        "gym_session": 24, 
        "weight_in_lbs": 134.0, 
        "set_type": "S", 
        "num_reps_completed": 8
    }
},
{
    "pk": 252, 
    "model": "base.completedset", 
    "fields": {
        "workout_set": 840, 
        "gym_session": 24, 
        "weight_in_lbs": 88.0, 
        "set_type": "S", 
        "num_reps_completed": 8
    }
},
{
    "pk": 253, 
    "model": "base.completedset", 
    "fields": {
        "workout_set": 841, 
        "gym_session": 24, 
        "weight_in_lbs": 68.0, 
        "set_type": "S", 
        "num_reps_completed": 8
    }
},
{
    "pk": 254, 
    "model": "base.completedset", 
    "fields": {
        "workout_set": 842, 
        "gym_session": 24, 
        "weight_in_lbs": 84.0, 
        "set_type": "S", 
        "num_reps_completed": 8
    }
},
{
    "pk": 255, 
    "model": "base.completedset", 
    "fields": {
        "workout_set": 843, 
        "gym_session": 25, 
        "weight_in_lbs": 86.0, 
        "set_type": "S", 
        "num_reps_completed": 8
    }
},
{
    "pk": 256, 
    "model": "base.completedset", 
    "fields": {
        "workout_set": 844, 
        "gym_session": 25, 
        "weight_in_lbs": 101.0, 
        "set_type": "S", 
        "num_reps_completed": 8
    }
},
{
    "pk": 257, 
    "model": "base.completedset", 
    "fields": {
        "workout_set": 845, 
        "gym_session": 25, 
        "weight_in_lbs": 150.0, 
        "set_type": "S", 
        "num_reps_completed": 8
    }
},
{
    "pk": 258, 
    "model": "base.completedset", 
    "fields": {
        "workout_set": 847, 
        "gym_session": 25, 
        "weight_in_lbs": 78.0, 
        "set_type": "S", 
        "num_reps_completed": 8
    }
},
{
    "pk": 259, 
    "model": "base.completedset", 
    "fields": {
        "workout_set": 848, 
        "gym_session": 25, 
        "weight_in_lbs": 128.0, 
        "set_type": "S", 
        "num_reps_completed": 8
    }
},
{
    "pk": 260, 
    "model": "base.completedset", 
    "fields": {
        "workout_set": 849, 
        "gym_session": 25, 
        "weight_in_lbs": 148.0, 
        "set_type": "S", 
        "num_reps_completed": 8
    }
},
{
    "pk": 261, 
    "model": "base.completedset", 
    "fields": {
        "workout_set": 850, 
        "gym_session": 25, 
        "weight_in_lbs": 56.0, 
        "set_type": "S", 
        "num_reps_completed": 8
    }
},
{
    "pk": 262, 
    "model": "base.completedset", 
    "fields": {
        "workout_set": 851, 
        "gym_session": 25, 
        "weight_in_lbs": 68.0, 
        "set_type": "S", 
        "num_reps_completed": 8
    }
},
{
    "pk": 263, 
    "model": "base.completedset", 
    "fields": {
        "workout_set": 852, 
        "gym_session": 25, 
        "weight_in_lbs": 58.0, 
        "set_type": "S", 
        "num_reps_completed": 8
    }
},
{
    "pk": 264, 
    "model": "base.completedset", 
    "fields": {
        "workout_set": 853, 
        "gym_session": 25, 
        "weight_in_lbs": 150.0, 
        "set_type": "S", 
        "num_reps_completed": 8
    }
},
{
    "pk": 265, 
    "model": "base.completedset", 
    "fields": {
        "workout_set": 855, 
        "gym_session": 25, 
        "weight_in_lbs": 57.0, 
        "set_type": "S", 
        "num_reps_completed": 8
    }
},
{
    "pk": 266, 
    "model": "base.completedset", 
    "fields": {
        "workout_set": 856, 
        "gym_session": 25, 
        "weight_in_lbs": 114.0, 
        "set_type": "S", 
        "num_reps_completed": 8
    }
},
{
    "pk": 267, 
    "model": "base.completedset", 
    "fields": {
        "workout_set": 857, 
        "gym_session": 26, 
        "weight_in_lbs": 114.0, 
        "set_type": "S", 
        "num_reps_completed": 8
    }
},
{
    "pk": 268, 
    "model": "base.completedset", 
    "fields": {
        "workout_set": 859, 
        "gym_session": 26, 
        "weight_in_lbs": 54.0, 
        "set_type": "S", 
        "num_reps_completed": 8
    }
},
{
    "pk": 269, 
    "model": "base.completedset", 
    "fields": {
        "workout_set": 862, 
        "gym_session": 26, 
        "weight_in_lbs": 64.0, 
        "set_type": "S", 
        "num_reps_completed": 8
    }
},
{
    "pk": 270, 
    "model": "base.completedset", 
    "fields": {
        "workout_set": 863, 
        "gym_session": 26, 
        "weight_in_lbs": 121.0, 
        "set_type": "S", 
        "num_reps_completed": 8
    }
},
{
    "pk": 271, 
    "model": "base.completedset", 
    "fields": {
        "workout_set": 864, 
        "gym_session": 26, 
        "weight_in_lbs": 99.0, 
        "set_type": "S", 
        "num_reps_completed": 8
    }
},
{
    "pk": 272, 
    "model": "base.completedset", 
    "fields": {
        "workout_set": 866, 
        "gym_session": 26, 
        "weight_in_lbs": 129.0, 
        "set_type": "S", 
        "num_reps_completed": 8
    }
},
{
    "pk": 273, 
    "model": "base.completedset", 
    "fields": {
        "workout_set": 867, 
        "gym_session": 26, 
        "weight_in_lbs": 130.0, 
        "set_type": "S", 
        "num_reps_completed": 8
    }
},
{
    "pk": 274, 
    "model": "base.completedset", 
    "fields": {
        "workout_set": 868, 
        "gym_session": 26, 
        "weight_in_lbs": 106.0, 
        "set_type": "S", 
        "num_reps_completed": 8
    }
},
{
    "pk": 275, 
    "model": "base.completedset", 
    "fields": {
        "workout_set": 869, 
        "gym_session": 26, 
        "weight_in_lbs": 119.0, 
        "set_type": "S", 
        "num_reps_completed": 8
    }
},
{
    "pk": 276, 
    "model": "base.completedset", 
    "fields": {
        "workout_set": 870, 
        "gym_session": 26, 
        "weight_in_lbs": 86.0, 
        "set_type": "S", 
        "num_reps_completed": 8
    }
},
{
    "pk": 277, 
    "model": "base.completedset", 
    "fields": {
        "workout_set": 829, 
        "gym_session": 27, 
        "weight_in_lbs": 82.0, 
        "set_type": "S", 
        "num_reps_completed": 8
    }
},
{
    "pk": 278, 
    "model": "base.completedset", 
    "fields": {
        "workout_set": 830, 
        "gym_session": 27, 
        "weight_in_lbs": 80.0, 
        "set_type": "S", 
        "num_reps_completed": 8
    }
},
{
    "pk": 279, 
    "model": "base.completedset", 
    "fields": {
        "workout_set": 831, 
        "gym_session": 27, 
        "weight_in_lbs": 82.0, 
        "set_type": "S", 
        "num_reps_completed": 8
    }
},
{
    "pk": 280, 
    "model": "base.completedset", 
    "fields": {
        "workout_set": 832, 
        "gym_session": 27, 
        "weight_in_lbs": 67.0, 
        "set_type": "S", 
        "num_reps_completed": 8
    }
},
{
    "pk": 281, 
    "model": "base.completedset", 
    "fields": {
        "workout_set": 833, 
        "gym_session": 27, 
        "weight_in_lbs": 138.0, 
        "set_type": "S", 
        "num_reps_completed": 8
    }
},
{
    "pk": 282, 
    "model": "base.completedset", 
    "fields": {
        "workout_set": 834, 
        "gym_session": 27, 
        "weight_in_lbs": 119.0, 
        "set_type": "S", 
        "num_reps_completed": 8
    }
},
{
    "pk": 283, 
    "model": "base.completedset", 
    "fields": {
        "workout_set": 835, 
        "gym_session": 27, 
        "weight_in_lbs": 67.0, 
        "set_type": "S", 
        "num_reps_completed": 8
    }
},
{
    "pk": 284, 
    "model": "base.completedset", 
    "fields": {
        "workout_set": 836, 
        "gym_session": 27, 
        "weight_in_lbs": 64.0, 
        "set_type": "S", 
        "num_reps_completed": 8
    }
},
{
    "pk": 285, 
    "model": "base.completedset", 
    "fields": {
        "workout_set": 837, 
        "gym_session": 27, 
        "weight_in_lbs": 112.0, 
        "set_type": "S", 
        "num_reps_completed": 8
    }
},
{
    "pk": 286, 
    "model": "base.completedset", 
    "fields": {
        "workout_set": 838, 
        "gym_session": 27, 
        "weight_in_lbs": 136.0, 
        "set_type": "S", 
        "num_reps_completed": 8
    }
},
{
    "pk": 287, 
    "model": "base.completedset", 
    "fields": {
        "workout_set": 839, 
        "gym_session": 27, 
        "weight_in_lbs": 122.0, 
        "set_type": "S", 
        "num_reps_completed": 8
    }
},
{
    "pk": 288, 
    "model": "base.completedset", 
    "fields": {
        "workout_set": 840, 
        "gym_session": 27, 
        "weight_in_lbs": 119.0, 
        "set_type": "S", 
        "num_reps_completed": 8
    }
},
{
    "pk": 289, 
    "model": "base.completedset", 
    "fields": {
        "workout_set": 842, 
        "gym_session": 27, 
        "weight_in_lbs": 136.0, 
        "set_type": "S", 
        "num_reps_completed": 8
    }
},
{
    "pk": 290, 
    "model": "base.completedset", 
    "fields": {
        "workout_set": 859, 
        "gym_session": 28, 
        "weight_in_lbs": 52.0, 
        "set_type": "S", 
        "num_reps_completed": 8
    }
},
{
    "pk": 291, 
    "model": "base.completedset", 
    "fields": {
        "workout_set": 860, 
        "gym_session": 28, 
        "weight_in_lbs": 150.0, 
        "set_type": "S", 
        "num_reps_completed": 8
    }
},
{
    "pk": 292, 
    "model": "base.completedset", 
    "fields": {
        "workout_set": 861, 
        "gym_session": 28, 
        "weight_in_lbs": 139.0, 
        "set_type": "S", 
        "num_reps_completed": 8
    }
},
{
    "pk": 293, 
    "model": "base.completedset", 
    "fields": {
        "workout_set": 862, 
        "gym_session": 28, 
        "weight_in_lbs": 80.0, 
        "set_type": "S", 
        "num_reps_completed": 8
    }
},
{
    "pk": 294, 
    "model": "base.completedset", 
    "fields": {
        "workout_set": 864, 
        "gym_session": 28, 
        "weight_in_lbs": 60.0, 
        "set_type": "S", 
        "num_reps_completed": 8
    }
},
{
    "pk": 295, 
    "model": "base.completedset", 
    "fields": {
        "workout_set": 865, 
        "gym_session": 28, 
        "weight_in_lbs": 68.0, 
        "set_type": "S", 
        "num_reps_completed": 8
    }
},
{
    "pk": 296, 
    "model": "base.completedset", 
    "fields": {
        "workout_set": 866, 
        "gym_session": 28, 
        "weight_in_lbs": 79.0, 
        "set_type": "S", 
        "num_reps_completed": 8
    }
},
{
    "pk": 297, 
    "model": "base.completedset", 
    "fields": {
        "workout_set": 867, 
        "gym_session": 28, 
        "weight_in_lbs": 84.0, 
        "set_type": "S", 
        "num_reps_completed": 8
    }
},
{
    "pk": 298, 
    "model": "base.completedset", 
    "fields": {
        "workout_set": 869, 
        "gym_session": 28, 
        "weight_in_lbs": 150.0, 
        "set_type": "S", 
        "num_reps_completed": 8
    }
},
{
    "pk": 299, 
    "model": "base.completedset", 
    "fields": {
        "workout_set": 870, 
        "gym_session": 28, 
        "weight_in_lbs": 55.0, 
        "set_type": "S", 
        "num_reps_completed": 8
    }
},
{
    "pk": 300, 
    "model": "base.completedset", 
    "fields": {
        "workout_set": 829, 
        "gym_session": 29, 
        "weight_in_lbs": 52.0, 
        "set_type": "S", 
        "num_reps_completed": 8
    }
},
{
    "pk": 301, 
    "model": "base.completedset", 
    "fields": {
        "workout_set": 830, 
        "gym_session": 29, 
        "weight_in_lbs": 60.0, 
        "set_type": "S", 
        "num_reps_completed": 8
    }
},
{
    "pk": 302, 
    "model": "base.completedset", 
    "fields": {
        "workout_set": 832, 
        "gym_session": 29, 
        "weight_in_lbs": 126.0, 
        "set_type": "S", 
        "num_reps_completed": 8
    }
},
{
    "pk": 303, 
    "model": "base.completedset", 
    "fields": {
        "workout_set": 833, 
        "gym_session": 29, 
        "weight_in_lbs": 84.0, 
        "set_type": "S", 
        "num_reps_completed": 8
    }
},
{
    "pk": 304, 
    "model": "base.completedset", 
    "fields": {
        "workout_set": 834, 
        "gym_session": 29, 
        "weight_in_lbs": 115.0, 
        "set_type": "S", 
        "num_reps_completed": 8
    }
},
{
    "pk": 305, 
    "model": "base.completedset", 
    "fields": {
        "workout_set": 835, 
        "gym_session": 29, 
        "weight_in_lbs": 64.0, 
        "set_type": "S", 
        "num_reps_completed": 8
    }
},
{
    "pk": 306, 
    "model": "base.completedset", 
    "fields": {
        "workout_set": 836, 
        "gym_session": 29, 
        "weight_in_lbs": 75.0, 
        "set_type": "S", 
        "num_reps_completed": 8
    }
},
{
    "pk": 307, 
    "model": "base.completedset", 
    "fields": {
        "workout_set": 837, 
        "gym_session": 29, 
        "weight_in_lbs": 62.0, 
        "set_type": "S", 
        "num_reps_completed": 8
    }
},
{
    "pk": 308, 
    "model": "base.completedset", 
    "fields": {
        "workout_set": 839, 
        "gym_session": 29, 
        "weight_in_lbs": 65.0, 
        "set_type": "S", 
        "num_reps_completed": 8
    }
},
{
    "pk": 309, 
    "model": "base.completedset", 
    "fields": {
        "workout_set": 840, 
        "gym_session": 29, 
        "weight_in_lbs": 67.0, 
        "set_type": "S", 
        "num_reps_completed": 8
    }
},
{
    "pk": 310, 
    "model": "base.completedset", 
    "fields": {
        "workout_set": 841, 
        "gym_session": 29, 
        "weight_in_lbs": 100.0, 
        "set_type": "S", 
        "num_reps_completed": 8
    }
},
{
    "pk": 311, 
    "model": "base.completedset", 
    "fields": {
        "workout_set": 842, 
        "gym_session": 29, 
        "weight_in_lbs": 100.0, 
        "set_type": "S", 
        "num_reps_completed": 8
    }
},
{
    "pk": 312, 
    "model": "base.completedset", 
    "fields": {
        "workout_set": 829, 
        "gym_session": 30, 
        "weight_in_lbs": 76.0, 
        "set_type": "S", 
        "num_reps_completed": 8
    }
},
{
    "pk": 313, 
    "model": "base.completedset", 
    "fields": {
        "workout_set": 830, 
        "gym_session": 30, 
        "weight_in_lbs": 107.0, 
        "set_type": "S", 
        "num_reps_completed": 8
    }
},
{
    "pk": 314, 
    "model": "base.completedset", 
    "fields": {
        "workout_set": 831, 
        "gym_session": 30, 
        "weight_in_lbs": 128.0, 
        "set_type": "S", 
        "num_reps_completed": 8
    }
},
{
    "pk": 315, 
    "model": "base.completedset", 
    "fields": {
        "workout_set": 832, 
        "gym_session": 30, 
        "weight_in_lbs": 111.0, 
        "set_type": "S", 
        "num_reps_completed": 8
    }
},
{
    "pk": 316, 
    "model": "base.completedset", 
    "fields": {
        "workout_set": 833, 
        "gym_session": 30, 
        "weight_in_lbs": 110.0, 
        "set_type": "S", 
        "num_reps_completed": 8
    }
},
{
    "pk": 317, 
    "model": "base.completedset", 
    "fields": {
        "workout_set": 835, 
        "gym_session": 30, 
        "weight_in_lbs": 70.0, 
        "set_type": "S", 
        "num_reps_completed": 8
    }
},
{
    "pk": 318, 
    "model": "base.completedset", 
    "fields": {
        "workout_set": 836, 
        "gym_session": 30, 
        "weight_in_lbs": 99.0, 
        "set_type": "S", 
        "num_reps_completed": 8
    }
},
{
    "pk": 319, 
    "model": "base.completedset", 
    "fields": {
        "workout_set": 837, 
        "gym_session": 30, 
        "weight_in_lbs": 116.0, 
        "set_type": "S", 
        "num_reps_completed": 8
    }
},
{
    "pk": 320, 
    "model": "base.completedset", 
    "fields": {
        "workout_set": 840, 
        "gym_session": 30, 
        "weight_in_lbs": 137.0, 
        "set_type": "S", 
        "num_reps_completed": 8
    }
},
{
    "pk": 321, 
    "model": "base.completedset", 
    "fields": {
        "workout_set": 841, 
        "gym_session": 30, 
        "weight_in_lbs": 90.0, 
        "set_type": "S", 
        "num_reps_completed": 8
    }
},
{
    "pk": 322, 
    "model": "base.completedset", 
    "fields": {
        "workout_set": 842, 
        "gym_session": 30, 
        "weight_in_lbs": 73.0, 
        "set_type": "S", 
        "num_reps_completed": 8
    }
},
{
    "pk": 323, 
    "model": "base.completedset", 
    "fields": {
        "workout_set": 843, 
        "gym_session": 31, 
        "weight_in_lbs": 68.0, 
        "set_type": "S", 
        "num_reps_completed": 8
    }
},
{
    "pk": 324, 
    "model": "base.completedset", 
    "fields": {
        "workout_set": 844, 
        "gym_session": 31, 
        "weight_in_lbs": 84.0, 
        "set_type": "S", 
        "num_reps_completed": 8
    }
},
{
    "pk": 325, 
    "model": "base.completedset", 
    "fields": {
        "workout_set": 845, 
        "gym_session": 31, 
        "weight_in_lbs": 62.0, 
        "set_type": "S", 
        "num_reps_completed": 8
    }
},
{
    "pk": 326, 
    "model": "base.completedset", 
    "fields": {
        "workout_set": 846, 
        "gym_session": 31, 
        "weight_in_lbs": 134.0, 
        "set_type": "S", 
        "num_reps_completed": 8
    }
},
{
    "pk": 327, 
    "model": "base.completedset", 
    "fields": {
        "workout_set": 848, 
        "gym_session": 31, 
        "weight_in_lbs": 91.0, 
        "set_type": "S", 
        "num_reps_completed": 8
    }
},
{
    "pk": 328, 
    "model": "base.completedset", 
    "fields": {
        "workout_set": 849, 
        "gym_session": 31, 
        "weight_in_lbs": 88.0, 
        "set_type": "S", 
        "num_reps_completed": 8
    }
},
{
    "pk": 329, 
    "model": "base.completedset", 
    "fields": {
        "workout_set": 850, 
        "gym_session": 31, 
        "weight_in_lbs": 78.0, 
        "set_type": "S", 
        "num_reps_completed": 8
    }
},
{
    "pk": 330, 
    "model": "base.completedset", 
    "fields": {
        "workout_set": 852, 
        "gym_session": 31, 
        "weight_in_lbs": 68.0, 
        "set_type": "S", 
        "num_reps_completed": 8
    }
},
{
    "pk": 331, 
    "model": "base.completedset", 
    "fields": {
        "workout_set": 855, 
        "gym_session": 31, 
        "weight_in_lbs": 107.0, 
        "set_type": "S", 
        "num_reps_completed": 8
    }
},
{
    "pk": 332, 
    "model": "base.completedset", 
    "fields": {
        "workout_set": 856, 
        "gym_session": 31, 
        "weight_in_lbs": 62.0, 
        "set_type": "S", 
        "num_reps_completed": 8
    }
},
{
    "pk": 333, 
    "model": "base.completedset", 
    "fields": {
        "workout_set": 843, 
        "gym_session": 32, 
        "weight_in_lbs": 124.0, 
        "set_type": "S", 
        "num_reps_completed": 8
    }
},
{
    "pk": 334, 
    "model": "base.completedset", 
    "fields": {
        "workout_set": 844, 
        "gym_session": 32, 
        "weight_in_lbs": 66.0, 
        "set_type": "S", 
        "num_reps_completed": 8
    }
},
{
    "pk": 335, 
    "model": "base.completedset", 
    "fields": {
        "workout_set": 845, 
        "gym_session": 32, 
        "weight_in_lbs": 125.0, 
        "set_type": "S", 
        "num_reps_completed": 8
    }
},
{
    "pk": 336, 
    "model": "base.completedset", 
    "fields": {
        "workout_set": 847, 
        "gym_session": 32, 
        "weight_in_lbs": 110.0, 
        "set_type": "S", 
        "num_reps_completed": 8
    }
},
{
    "pk": 337, 
    "model": "base.completedset", 
    "fields": {
        "workout_set": 848, 
        "gym_session": 32, 
        "weight_in_lbs": 95.0, 
        "set_type": "S", 
        "num_reps_completed": 8
    }
},
{
    "pk": 338, 
    "model": "base.completedset", 
    "fields": {
        "workout_set": 850, 
        "gym_session": 32, 
        "weight_in_lbs": 125.0, 
        "set_type": "S", 
        "num_reps_completed": 8
    }
},
{
    "pk": 339, 
    "model": "base.completedset", 
    "fields": {
        "workout_set": 851, 
        "gym_session": 32, 
        "weight_in_lbs": 79.0, 
        "set_type": "S", 
        "num_reps_completed": 8
    }
},
{
    "pk": 340, 
    "model": "base.completedset", 
    "fields": {
        "workout_set": 852, 
        "gym_session": 32, 
        "weight_in_lbs": 79.0, 
        "set_type": "S", 
        "num_reps_completed": 8
    }
},
{
    "pk": 341, 
    "model": "base.completedset", 
    "fields": {
        "workout_set": 853, 
        "gym_session": 32, 
        "weight_in_lbs": 73.0, 
        "set_type": "S", 
        "num_reps_completed": 8
    }
},
{
    "pk": 342, 
    "model": "base.completedset", 
    "fields": {
        "workout_set": 854, 
        "gym_session": 32, 
        "weight_in_lbs": 108.0, 
        "set_type": "S", 
        "num_reps_completed": 8
    }
},
{
    "pk": 343, 
    "model": "base.completedset", 
    "fields": {
        "workout_set": 855, 
        "gym_session": 32, 
        "weight_in_lbs": 92.0, 
        "set_type": "S", 
        "num_reps_completed": 8
    }
},
{
    "pk": 344, 
    "model": "base.completedset", 
    "fields": {
        "workout_set": 857, 
        "gym_session": 33, 
        "weight_in_lbs": 70.0, 
        "set_type": "S", 
        "num_reps_completed": 8
    }
},
{
    "pk": 345, 
    "model": "base.completedset", 
    "fields": {
        "workout_set": 859, 
        "gym_session": 33, 
        "weight_in_lbs": 146.0, 
        "set_type": "S", 
        "num_reps_completed": 8
    }
},
{
    "pk": 346, 
    "model": "base.completedset", 
    "fields": {
        "workout_set": 860, 
        "gym_session": 33, 
        "weight_in_lbs": 149.0, 
        "set_type": "S", 
        "num_reps_completed": 8
    }
},
{
    "pk": 347, 
    "model": "base.completedset", 
    "fields": {
        "workout_set": 862, 
        "gym_session": 33, 
        "weight_in_lbs": 70.0, 
        "set_type": "S", 
        "num_reps_completed": 8
    }
},
{
    "pk": 348, 
    "model": "base.completedset", 
    "fields": {
        "workout_set": 863, 
        "gym_session": 33, 
        "weight_in_lbs": 131.0, 
        "set_type": "S", 
        "num_reps_completed": 8
    }
},
{
    "pk": 349, 
    "model": "base.completedset", 
    "fields": {
        "workout_set": 864, 
        "gym_session": 33, 
        "weight_in_lbs": 86.0, 
        "set_type": "S", 
        "num_reps_completed": 8
    }
},
{
    "pk": 350, 
    "model": "base.completedset", 
    "fields": {
        "workout_set": 866, 
        "gym_session": 33, 
        "weight_in_lbs": 79.0, 
        "set_type": "S", 
        "num_reps_completed": 8
    }
},
{
    "pk": 351, 
    "model": "base.completedset", 
    "fields": {
        "workout_set": 868, 
        "gym_session": 33, 
        "weight_in_lbs": 55.0, 
        "set_type": "S", 
        "num_reps_completed": 8
    }
},
{
    "pk": 352, 
    "model": "base.completedset", 
    "fields": {
        "workout_set": 869, 
        "gym_session": 33, 
        "weight_in_lbs": 123.0, 
        "set_type": "S", 
        "num_reps_completed": 8
    }
},
{
    "pk": 353, 
    "model": "base.completedset", 
    "fields": {
        "workout_set": 870, 
        "gym_session": 33, 
        "weight_in_lbs": 149.0, 
        "set_type": "S", 
        "num_reps_completed": 8
    }
},
{
    "pk": 354, 
    "model": "base.completedset", 
    "fields": {
        "workout_set": 829, 
        "gym_session": 34, 
        "weight_in_lbs": 144.0, 
        "set_type": "S", 
        "num_reps_completed": 8
    }
},
{
    "pk": 355, 
    "model": "base.completedset", 
    "fields": {
        "workout_set": 830, 
        "gym_session": 34, 
        "weight_in_lbs": 74.0, 
        "set_type": "S", 
        "num_reps_completed": 8
    }
},
{
    "pk": 356, 
    "model": "base.completedset", 
    "fields": {
        "workout_set": 831, 
        "gym_session": 34, 
        "weight_in_lbs": 107.0, 
        "set_type": "S", 
        "num_reps_completed": 8
    }
},
{
    "pk": 357, 
    "model": "base.completedset", 
    "fields": {
        "workout_set": 832, 
        "gym_session": 34, 
        "weight_in_lbs": 137.0, 
        "set_type": "S", 
        "num_reps_completed": 8
    }
},
{
    "pk": 358, 
    "model": "base.completedset", 
    "fields": {
        "workout_set": 833, 
        "gym_session": 34, 
        "weight_in_lbs": 109.0, 
        "set_type": "S", 
        "num_reps_completed": 8
    }
},
{
    "pk": 359, 
    "model": "base.completedset", 
    "fields": {
        "workout_set": 835, 
        "gym_session": 34, 
        "weight_in_lbs": 132.0, 
        "set_type": "S", 
        "num_reps_completed": 8
    }
},
{
    "pk": 360, 
    "model": "base.completedset", 
    "fields": {
        "workout_set": 836, 
        "gym_session": 34, 
        "weight_in_lbs": 102.0, 
        "set_type": "S", 
        "num_reps_completed": 8
    }
},
{
    "pk": 361, 
    "model": "base.completedset", 
    "fields": {
        "workout_set": 837, 
        "gym_session": 34, 
        "weight_in_lbs": 112.0, 
        "set_type": "S", 
        "num_reps_completed": 8
    }
},
{
    "pk": 362, 
    "model": "base.completedset", 
    "fields": {
        "workout_set": 839, 
        "gym_session": 34, 
        "weight_in_lbs": 96.0, 
        "set_type": "S", 
        "num_reps_completed": 8
    }
},
{
    "pk": 363, 
    "model": "base.completedset", 
    "fields": {
        "workout_set": 840, 
        "gym_session": 34, 
        "weight_in_lbs": 112.0, 
        "set_type": "S", 
        "num_reps_completed": 8
    }
},
{
    "pk": 1, 
    "model": "base.comment", 
    "fields": {
        "gym_session": null, 
        "text": "Who wants to go for a jog after the gym today?", 
        "image": "", 
        "parent_comment": null, 
        "user": 8, 
        "date_and_time": "2014-10-20T14:39:15.843Z"
    }
},
{
    "pk": 2, 
    "model": "base.comment", 
    "fields": {
        "gym_session": null, 
        "text": "Hey fellas", 
        "image": "", 
        "parent_comment": null, 
        "user": 6, 
        "date_and_time": "2014-10-20T14:39:16.671Z"
    }
},
{
    "pk": 3, 
    "model": "base.comment", 
    "fields": {
        "gym_session": null, 
        "text": "Sure buddy", 
        "image": "", 
        "parent_comment": 1, 
        "user": 7, 
        "date_and_time": "2014-10-20T14:39:17.074Z"
    }
},
{
    "pk": 4, 
    "model": "base.comment", 
    "fields": {
        "gym_session": null, 
        "text": "No running! We need you if we are going to win a playoff game!", 
        "image": "", 
        "parent_comment": 1, 
        "user": 6, 
        "date_and_time": "2014-10-20T14:39:18.622Z"
    }
},
{
    "pk": 5, 
    "model": "base.comment", 
    "fields": {
        "gym_session": 9, 
        "text": "nice glasses", 
        "image": "", 
        "parent_comment": null, 
        "user": 7, 
        "date_and_time": "2014-10-20T14:39:21.024Z"
    }
},
{
    "pk": 6, 
    "model": "base.comment", 
    "fields": {
        "gym_session": null, 
        "text": "Who wants to go get a burrito?", 
        "image": "", 
        "parent_comment": null, 
        "user": 15, 
        "date_and_time": "2014-10-20T14:40:37.138Z"
    }
},
{
    "pk": 7, 
    "model": "base.comment", 
    "fields": {
        "gym_session": null, 
        "text": "Hey boys", 
        "image": "", 
        "parent_comment": null, 
        "user": 14, 
        "date_and_time": "2014-10-20T14:40:37.748Z"
    }
},
{
    "pk": 8, 
    "model": "base.comment", 
    "fields": {
        "gym_session": null, 
        "text": "Sure buddy", 
        "image": "", 
        "parent_comment": 6, 
        "user": 15, 
        "date_and_time": "2014-10-20T14:40:38.173Z"
    }
},
{
    "pk": 9, 
    "model": "base.comment", 
    "fields": {
        "gym_session": null, 
        "text": "No TexMex, get a clue!", 
        "image": "", 
        "parent_comment": 6, 
        "user": 14, 
        "date_and_time": "2014-10-20T14:40:38.400Z"
    }
},
{
    "pk": 10, 
    "model": "base.comment", 
    "fields": {
        "gym_session": null, 
        "text": "yo", 
        "image": "", 
        "parent_comment": null, 
        "user": 14, 
        "date_and_time": "2014-10-20T17:11:51.677Z"
    }
},
{
    "pk": 1, 
    "model": "base.commentlike", 
    "fields": {
        "comment": 1, 
        "user": 10, 
        "date_and_time": "2014-10-20T14:39:16.245Z"
    }
},
{
    "pk": 2, 
    "model": "base.commentlike", 
    "fields": {
        "comment": 1, 
        "user": 9, 
        "date_and_time": "2014-10-20T14:39:16.458Z"
    }
},
{
    "pk": 3, 
    "model": "base.commentlike", 
    "fields": {
        "comment": 6, 
        "user": 16, 
        "date_and_time": "2014-10-20T14:40:37.535Z"
    }
},
{
    "pk": 1, 
    "model": "base.gymsessionlike", 
    "fields": {
        "gym_session": 9, 
        "user": 7, 
        "date_and_time": "2014-10-20T14:39:20.837Z"
    }
},
{
    "pk": 1, 
    "model": "base.macroday", 
    "fields": {
        "carbs": true, 
        "calories": null, 
        "fat": false, 
        "client": 2, 
        "protein": true, 
        "day": "2014-10-20"
    }
},
{
    "pk": 1, 
    "model": "base.traineralert", 
    "fields": {
        "trainer": 6, 
        "workout_plan_day": 2, 
        "alert_type": "W", 
        "trainer_dismissed": false, 
        "text": "", 
        "client": 1, 
        "date_created": "2014-10-08"
    }
},
{
    "pk": 2, 
    "model": "base.traineralert", 
    "fields": {
        "trainer": 6, 
        "workout_plan_day": 4, 
        "alert_type": "W", 
        "trainer_dismissed": false, 
        "text": "", 
        "client": 2, 
        "date_created": "2014-10-13"
    }
},
{
    "pk": 3, 
    "model": "base.traineralert", 
    "fields": {
        "trainer": 6, 
        "workout_plan_day": 5, 
        "alert_type": "W", 
        "trainer_dismissed": false, 
        "text": "", 
        "client": 2, 
        "date_created": "2014-10-15"
    }
},
{
    "pk": 4, 
    "model": "base.traineralert", 
    "fields": {
        "trainer": 6, 
        "workout_plan_day": 3, 
        "alert_type": "W", 
        "trainer_dismissed": false, 
        "text": "", 
        "client": 3, 
        "date_created": "2014-10-10"
    }
},
{
    "pk": 5, 
    "model": "base.traineralert", 
    "fields": {
        "trainer": 6, 
        "workout_plan_day": 5, 
        "alert_type": "W", 
        "trainer_dismissed": false, 
        "text": "", 
        "client": 3, 
        "date_created": "2014-10-15"
    }
},
{
    "pk": 6, 
    "model": "base.traineralert", 
    "fields": {
        "trainer": 6, 
        "workout_plan_day": 6, 
        "alert_type": "W", 
        "trainer_dismissed": false, 
        "text": "", 
        "client": 3, 
        "date_created": "2014-10-17"
    }
},
{
    "pk": 7, 
    "model": "base.traineralert", 
    "fields": {
        "trainer": 6, 
        "workout_plan_day": 1, 
        "alert_type": "W", 
        "trainer_dismissed": false, 
        "text": "", 
        "client": 4, 
        "date_created": "2014-10-06"
    }
},
{
    "pk": 8, 
    "model": "base.traineralert", 
    "fields": {
        "trainer": 6, 
        "workout_plan_day": 4, 
        "alert_type": "W", 
        "trainer_dismissed": false, 
        "text": "", 
        "client": 4, 
        "date_created": "2014-10-13"
    }
},
{
    "pk": 9, 
    "model": "base.traineralert", 
    "fields": {
        "trainer": 6, 
        "workout_plan_day": 6, 
        "alert_type": "W", 
        "trainer_dismissed": false, 
        "text": "", 
        "client": 4, 
        "date_created": "2014-10-17"
    }
},
{
    "pk": 10, 
    "model": "base.traineralert", 
    "fields": {
        "trainer": 6, 
        "workout_plan_day": 1, 
        "alert_type": "W", 
        "trainer_dismissed": false, 
        "text": "", 
        "client": 5, 
        "date_created": "2014-10-06"
    }
},
{
    "pk": 11, 
    "model": "base.traineralert", 
    "fields": {
        "trainer": 6, 
        "workout_plan_day": 4, 
        "alert_type": "W", 
        "trainer_dismissed": false, 
        "text": "", 
        "client": 5, 
        "date_created": "2014-10-13"
    }
},
{
    "pk": 12, 
    "model": "base.traineralert", 
    "fields": {
        "trainer": 6, 
        "workout_plan_day": 5, 
        "alert_type": "W", 
        "trainer_dismissed": false, 
        "text": "", 
        "client": 5, 
        "date_created": "2014-10-15"
    }
},
{
    "pk": 13, 
    "model": "base.traineralert", 
    "fields": {
        "trainer": 7, 
        "workout_plan_day": 224, 
        "alert_type": "W", 
        "trainer_dismissed": false, 
        "text": "", 
        "client": 7, 
        "date_created": "2014-10-15"
    }
},
{
    "pk": 14, 
    "model": "base.traineralert", 
    "fields": {
        "trainer": 7, 
        "workout_plan_day": 222, 
        "alert_type": "W", 
        "trainer_dismissed": false, 
        "text": "", 
        "client": 8, 
        "date_created": "2014-10-10"
    }
},
{
    "pk": 15, 
    "model": "base.traineralert", 
    "fields": {
        "trainer": 7, 
        "workout_plan_day": 223, 
        "alert_type": "W", 
        "trainer_dismissed": false, 
        "text": "", 
        "client": 8, 
        "date_created": "2014-10-13"
    }
},
{
    "pk": 16, 
    "model": "base.traineralert", 
    "fields": {
        "trainer": 7, 
        "workout_plan_day": null, 
        "alert_type": "X", 
        "trainer_dismissed": true, 
        "text": "New client registration.", 
        "client": 9, 
        "date_created": "2014-10-20"
    }
},
{
    "pk": 17, 
    "model": "base.traineralert", 
    "fields": {
        "trainer": 7, 
        "workout_plan_day": null, 
        "alert_type": "X", 
        "trainer_dismissed": false, 
        "text": "New client registration.", 
        "client": 9, 
        "date_created": "2014-10-20"
    }
},
{
    "pk": 1, 
    "model": "base.salespagecontent", 
    "fields": {
        "trainer": 3, 
        "logo": "", 
        "program_title": "Booty-ful Beginnings Program", 
        "trainer_signature": "", 
        "program_last_words": "LAST WORDS... here's your chance to bring it home!", 
        "group": false, 
        "trainer_headshot": "", 
        "testimonial_1_name": "", 
        "trainer_note": "", 
        "testimonial_2_name": "", 
        "url_slug": "", 
        "social_proof_header_html": "", 
        "program_why": "WHY... type here why people should sign up for your program...", 
        "testimonial_3_text": "", 
        "video_html": "", 
        "program_who": "WHO... type here who should sign up for your program...", 
        "name": "Booty-ful Beginnings", 
        "testimonial_3_name": "", 
        "testimonial_1_text": "", 
        "last_ditch_2": "", 
        "last_ditch_1": "", 
        "sales_page_key": "82HJTR", 
        "program_introduction": "TRAINER INTRO... type here how you introduce your training program...", 
        "testimonial_2_text": ""
    }
},
{
    "pk": 2, 
    "model": "base.salespagecontent", 
    "fields": {
        "trainer": 3, 
        "logo": "", 
        "program_title": "Gluteal Goddess Advanced Program", 
        "trainer_signature": "", 
        "program_last_words": "LAST WORDS... here's your chance to bring it home!", 
        "group": false, 
        "trainer_headshot": "", 
        "testimonial_1_name": "", 
        "trainer_note": "", 
        "testimonial_2_name": "", 
        "url_slug": "", 
        "social_proof_header_html": "", 
        "program_why": "WHY... type here why people should sign up for your program...", 
        "testimonial_3_text": "", 
        "video_html": "", 
        "program_who": "WHO... type here who should sign up for your program...", 
        "name": "Gluteal Goddess Advanced", 
        "testimonial_3_name": "", 
        "testimonial_1_text": "", 
        "last_ditch_2": "", 
        "last_ditch_1": "", 
        "sales_page_key": "FGCVMP", 
        "program_introduction": "TRAINER INTRO... type here how you introduce your training program...", 
        "testimonial_2_text": ""
    }
},
{
    "pk": 3, 
    "model": "base.salespagecontent", 
    "fields": {
        "trainer": 5, 
        "logo": "", 
        "program_title": "Advanced Lifting Program", 
        "trainer_signature": "", 
        "program_last_words": "LAST WORDS... here's your chance to bring it home!", 
        "group": false, 
        "trainer_headshot": "", 
        "testimonial_1_name": "", 
        "trainer_note": "", 
        "testimonial_2_name": "", 
        "url_slug": "", 
        "social_proof_header_html": "", 
        "program_why": "WHY... type here why people should sign up for your program...", 
        "testimonial_3_text": "", 
        "video_html": "", 
        "program_who": "WHO... type here who should sign up for your program...", 
        "name": "Advanced Lifting", 
        "testimonial_3_name": "", 
        "testimonial_1_text": "", 
        "last_ditch_2": "", 
        "last_ditch_1": "", 
        "sales_page_key": "V6VFGX", 
        "program_introduction": "TRAINER INTRO... type here how you introduce your training program...", 
        "testimonial_2_text": ""
    }
},
{
    "pk": 4, 
    "model": "base.salespagecontent", 
    "fields": {
        "trainer": 6, 
        "logo": "", 
        "program_title": "Posting and Toasting Program", 
        "trainer_signature": "", 
        "program_last_words": "LAST WORDS... here's your chance to bring it home!", 
        "group": false, 
        "trainer_headshot": "", 
        "testimonial_1_name": "", 
        "trainer_note": "", 
        "testimonial_2_name": "", 
        "url_slug": "", 
        "social_proof_header_html": "", 
        "program_why": "WHY... type here why people should sign up for your program...", 
        "testimonial_3_text": "", 
        "video_html": "", 
        "program_who": "WHO... type here who should sign up for your program...", 
        "name": "Posting and Toasting", 
        "testimonial_3_name": "", 
        "testimonial_1_text": "", 
        "last_ditch_2": "", 
        "last_ditch_1": "", 
        "sales_page_key": "6VS4SD", 
        "program_introduction": "TRAINER INTRO... type here how you introduce your training program...", 
        "testimonial_2_text": ""
    }
},
{
    "pk": 5, 
    "model": "base.salespagecontent", 
    "fields": {
        "trainer": 6, 
        "logo": "", 
        "program_title": "Posting and Toasting 2 Program", 
        "trainer_signature": "", 
        "program_last_words": "LAST WORDS... here's your chance to bring it home!", 
        "group": false, 
        "trainer_headshot": "", 
        "testimonial_1_name": "", 
        "trainer_note": "", 
        "testimonial_2_name": "", 
        "url_slug": "", 
        "social_proof_header_html": "", 
        "program_why": "WHY... type here why people should sign up for your program...", 
        "testimonial_3_text": "", 
        "video_html": "", 
        "program_who": "WHO... type here who should sign up for your program...", 
        "name": "Posting and Toasting 2", 
        "testimonial_3_name": "", 
        "testimonial_1_text": "", 
        "last_ditch_2": "", 
        "last_ditch_1": "", 
        "sales_page_key": "AY76XM", 
        "program_introduction": "TRAINER INTRO... type here how you introduce your training program...", 
        "testimonial_2_text": ""
    }
},
{
    "pk": 6, 
    "model": "base.salespagecontent", 
    "fields": {
        "trainer": 7, 
        "logo": "", 
        "program_title": "3 Week Rashid Plan Program", 
        "trainer_signature": "", 
        "program_last_words": "LAST WORDS... here's your chance to bring it home!", 
        "group": false, 
        "trainer_headshot": "", 
        "testimonial_1_name": "", 
        "trainer_note": "", 
        "testimonial_2_name": "", 
        "url_slug": "", 
        "social_proof_header_html": "", 
        "program_why": "WHY... type here why people should sign up for your program...", 
        "testimonial_3_text": "", 
        "video_html": "", 
        "program_who": "WHO... type here who should sign up for your program...", 
        "name": "3 Week Rashid Plan", 
        "testimonial_3_name": "", 
        "testimonial_1_text": "", 
        "last_ditch_2": "", 
        "last_ditch_1": "", 
        "sales_page_key": "ROPKTR", 
        "program_introduction": "TRAINER INTRO... type here how you introduce your training program...", 
        "testimonial_2_text": ""
    }
},
{
    "pk": 7, 
    "model": "base.salespagecontent", 
    "fields": {
        "trainer": 7, 
        "logo": "", 
        "program_title": "Heavy Program", 
        "trainer_signature": "", 
        "program_last_words": "LAST WORDS... here's your chance to bring it home!", 
        "group": false, 
        "trainer_headshot": "", 
        "testimonial_1_name": "", 
        "trainer_note": "", 
        "testimonial_2_name": "", 
        "url_slug": "", 
        "social_proof_header_html": "", 
        "program_why": "WHY... type here why people should sign up for your program...", 
        "testimonial_3_text": "", 
        "video_html": "", 
        "program_who": "WHO... type here who should sign up for your program...", 
        "name": "Heavy", 
        "testimonial_3_name": "", 
        "testimonial_1_text": "", 
        "last_ditch_2": "", 
        "last_ditch_1": "", 
        "sales_page_key": "SS0HNQ", 
        "program_introduction": "TRAINER INTRO... type here how you introduce your training program...", 
        "testimonial_2_text": ""
    }
},
{
    "pk": 8, 
    "model": "base.salespagecontent", 
    "fields": {
        "trainer": 7, 
        "logo": "", 
        "program_title": "GK's workout program Program", 
        "trainer_signature": "", 
        "program_last_words": "LAST WORDS... here's your chance to bring it home!", 
        "group": false, 
        "trainer_headshot": "", 
        "testimonial_1_name": "", 
        "trainer_note": "", 
        "testimonial_2_name": "", 
        "url_slug": "", 
        "social_proof_header_html": "", 
        "program_why": "WHY... type here why people should sign up for your program...", 
        "testimonial_3_text": "", 
        "video_html": "", 
        "program_who": "WHO... type here who should sign up for your program...", 
        "name": "GK's workout program", 
        "testimonial_3_name": "", 
        "testimonial_1_text": "", 
        "last_ditch_2": "", 
        "last_ditch_1": "", 
        "sales_page_key": "WZ3EYS", 
        "program_introduction": "TRAINER INTRO... type here how you introduce your training program...", 
        "testimonial_2_text": ""
    }
},
{
    "pk": 1, 
    "model": "base.heading", 
    "fields": {
        "saying": "I have never met a successful excuse maker.", 
        "location": "*", 
        "author": "Nav-Vii"
    }
},
{
    "pk": 2, 
    "model": "base.heading", 
    "fields": {
        "saying": "I only start counting when it starts hurting because they're the only ones that count.", 
        "location": "*", 
        "author": "Muhammed Ali"
    }
},
{
    "pk": 3, 
    "model": "base.heading", 
    "fields": {
        "saying": "Its hard to beat a person who never gives up.", 
        "location": "*", 
        "author": "Babe Ruth"
    }
},
{
    "pk": 4, 
    "model": "base.heading", 
    "fields": {
        "saying": "Strength does not come from physical capacity. It comes from an indomitable will. ", 
        "location": "*", 
        "author": "Gandhi"
    }
},
{
    "pk": 5, 
    "model": "base.heading", 
    "fields": {
        "saying": "I've failed over and over and over again in my life. And that is why I succeed. ", 
        "location": "*", 
        "author": "Michael Jordan"
    }
},
{
    "pk": 6, 
    "model": "base.heading", 
    "fields": {
        "saying": "No one ever drowned in sweat.", 
        "location": "*", 
        "author": "Lou Holtz"
    }
},
{
    "pk": 7, 
    "model": "base.heading", 
    "fields": {
        "saying": "Strong is what happens when you run out of weak.", 
        "location": "*", 
        "author": "Nicole Nichols"
    }
},
{
    "pk": 8, 
    "model": "base.heading", 
    "fields": {
        "saying": "A one-hour workout is 4% of your day. No excuses.", 
        "location": "*", 
        "author": "Geoff Bagshaw"
    }
},
{
    "pk": 9, 
    "model": "base.heading", 
    "fields": {
        "saying": "Forget the 'no' in your head and listen to the 'yes' in your body.", 
        "location": "*", 
        "author": "Paul Katami"
    }
},
{
    "pk": 10, 
    "model": "base.heading", 
    "fields": {
        "saying": "When you think about quitting, think about why you started.", 
        "location": "*", 
        "author": "Anonymous"
    }
},
{
    "pk": 11, 
    "model": "base.heading", 
    "fields": {
        "saying": "I saw a woman wearing a sweatshirt with 'Guess' on it. I said, 'Thyroid problem?'", 
        "location": "*", 
        "author": "Arnold Schwarzenegger"
    }
},
{
    "pk": 12, 
    "model": "base.heading", 
    "fields": {
        "saying": "Our growing softness, our increasing lack of physical fitness, is a menace to our security.", 
        "location": "*", 
        "author": "John F. Kennedy"
    }
},
{
    "pk": 13, 
    "model": "base.heading", 
    "fields": {
        "saying": "Pain makes me grow. Growing is what I want. Therefore, for me pain is pleasure.", 
        "location": "*", 
        "author": "Arnold Schwarzenegger"
    }
},
{
    "pk": 14, 
    "model": "base.heading", 
    "fields": {
        "saying": "Sweat is weakness leaving the body.", 
        "location": "*", 
        "author": "Anonymous"
    }
},
{
    "pk": 15, 
    "model": "base.heading", 
    "fields": {
        "saying": "Real g's move in silence like lasagna.", 
        "location": "*", 
        "author": "Lil Wayne"
    }
},
{
    "pk": 16, 
    "model": "base.heading", 
    "fields": {
        "saying": "I don't know, man. I guess I'm gonna fade into Bolivian.", 
        "location": "*", 
        "author": "Mike Tyson"
    }
},
{
    "pk": 17, 
    "model": "base.heading", 
    "fields": {
        "saying": "My image is a strategic hot mess.", 
        "location": "*", 
        "author": "Miley Cyrus"
    }
},
{
    "pk": 18, 
    "model": "base.heading", 
    "fields": {
        "saying": "I'm addicted to perfection.", 
        "location": "*", 
        "author": "Mike Tyson"
    }
},
{
    "pk": 19, 
    "model": "base.heading", 
    "fields": {
        "saying": "These dudes are trying to crucify me and I'm like 'Bro, do you even lift?'", 
        "location": "*", 
        "author": "Jesus of Nazareth"
    }
},
{
    "pk": 20, 
    "model": "base.heading", 
    "fields": {
        "saying": "Hoes on my dick cuz I look like Jesus.", 
        "location": "*", 
        "author": "Lil B"
    }
},
{
    "pk": 21, 
    "model": "base.heading", 
    "fields": {
        "saying": "I don't workout my legs cause then I can't fit into skinny jeans, I don't workout my back cause I can't see it.", 
        "location": "*", 
        "author": "Dom Mazzetti"
    }
},
{
    "pk": 22, 
    "model": "base.heading", 
    "fields": {
        "saying": "If a brick didn't know how to sit on walls no mo' ... What would you ask it?", 
        "location": "*", 
        "author": "The ODB"
    }
},
{
    "pk": 23, 
    "model": "base.heading", 
    "fields": {
        "saying": "Greatness is what we on the brink of", 
        "location": "*", 
        "author": "Nicki Minaj"
    }
}
]
